id,GL,BR,Statutory_GL,Statutory_Type,Transaction_Types,headers
1,1001,222.0,5121-00,Asset,"[B2BT, CADJ, CLH, DEP, IV, JOE, JOV, OUPA, PMT, RDCS, RRD, XOIP, XOIR, XPMT, YEND]",[]
2,1002,222.0,5121-01,Asset,"[B2BT, CADJ, CLH, DEP, IV, JOE, JOV, OUPA, PMT, RDCS, RRD, XOIP, XOIR, XPMT, YEND]",[]
3,1003,222.0,5124-01,Asset,"[B2BT, CADJ, CLH, DEP, IV, JOE, JOV, OUPA, PMT, RDCS, RRD, XOIP, XOIR, XPMT, YEND]",[]
4,1004,222.0,5124-02,Asset,"[B2BT, CADJ, CLH, DEP, IV, JOE, JOV, OUPA, PMT, RDCS, RRD, XOIP, XOIR, XPMT, YEND]",[]
5,1005,222.0,5121-05,Asset,"[B2BT, CADJ, CLH, DEP, IV, JOE, JOV, OUPA, PMT, RDCS, RRD, XOIP, XOIR, XPMT, YEND]",[]
6,1006,222.0,581,Asset,"[B2BT, CADJ, CLH, DEP, IV, JOE, JOV, OUPA, PMT, RDCS, RRD, XOIP, XOIR, XPMT, YEND]",[]
7,1007,222.0,5121-02,Asset,"[B2BT, CADJ, CLH, IV, JOE, JOV, OUPA, PMT, RDCS, RRD, XOIP, XOIR, XPMT, YEND]",[]
8,1008,222.0,267,Asset,[DEP],[]
9,1008,222.0,5124-03,Asset,"[B2BT, CADJ, CLH, IV, JOE, JOV, OUPA, PMT, RDCS, RRD, XOIP, XOIR, XPMT, YEND]",[]
10,1009,222.0,5124-04,Asset,"[B2BT, CADJ, CLH, DEP, IV, JOV, OUPA, PMT, RDCS, XOIP, XOIR, XPMT]",[]
11,1010,222.0,5124-05,Asset,"[B2BT, CADJ, CLH, DEP, IV, JOV, OUPA, PMT, RDCS, XOIP, XOIR, XPMT]",[]
12,1013,222.0,5121-06,Asset,"[B2BT, DEP, JOE, PMT, RRD, XPMT, YEND]",[]
13,1014,222.0,5121-04,Asset,"[B2BT, CADJ, CLH, DEP, IV, JOE, JOV, OUPA, PMT, RDCS, RRD, XOIP, XOIR, XPMT, YEND]",[]
14,1021,222.0,5121-07,Asset,"[B2BT, CADJ, CLH, DEP, IV, JOE, JOV, OUPA, PMT, RDCS, RRD, XOIP, XOIR, XPMT, YEND]",[]
15,1022,222.0,5121-08,Asset,"[B2BT, CADJ, CLH, DEP, IV, JOV, OUPA, PMT, RDCS, XOIP, XOIR, XPMT]",[]
16,1023,222.0,5124-06,Asset,"[B2BT, CADJ, CLH, DEP, IV, JOV, OUPA, PMT, RDCS, XOIP, XOIR, XPMT]",[]
17,1024,222.0,5124-07,Asset,"[B2BT, CADJ, CLH, DEP, IV, JOV, OUPA, PMT, RDCS, XOIP, XOIR, XPMT]",[]
18,1050,1.0,5121-02,Asset,"[B2BT, DEP, PMT]",[]
19,1080,NULL,5311,"Not Found","[CADJ, CLH, IV, JOE, JOV, OUPA, RDCS, RRD, XOIP, XOIR, YEND]",[]
20,1102,NULL,4426-01,Liability,"[CADJ, CLH, IV, JOE, JOV, OUPA, RCR, RDCS, RIN, RRD, XOIP, XOIR, XRCR, XRIN, YEND]",[]
21,1103,NULL,4426-02,Liability,"[CADJ, CLH, IV, JOE, JOV, OUPA, RCR, RDCS, RIN, RRD, XOIP, XOIR, XRCR, XRIN, YEND]",[]
22,1104,NULL,4428-01,Liability,"[B2BT, CADJ, CLH, DEP, ES, ICR, INV, IS, IV, JOE, JOV, OUPA, PMT, RCR, RDCS, RIN, RRD, XICR, XINV, XOIP, XOIR, XPMT, XRCR, XRIN, YEND]","[RIN/XRCR, RCR/XRIN, INV/XINV, ICR/XICR]"
23,1105,NULL,4423-01,Liability,"[B2BT, PMT, XPMT]",[]
24,1105,NULL,4424-01,Liability,"[CADJ, CLH, DEP, IV, JOE, JOV, OUPA, RDCS, RRD, XOIP, XOIR, YEND]",[]
25,1106,NULL,4426-04,Liability,"[JOE, RCR, RIN, RRD, XRCR, XRIN, YEND]",[]
26,1107,NULL,4426-03,Liability,"[CADJ, CLH, IV, JOE, JOV, OUPA, RCR, RDCS, RIN, RRD, XOIP, XOIR, XRCR, XRIN, YEND]",[]
27,1108,NULL,4426-04,Liability,"[JOE, RCR, RIN, RRD, XRCR, XRIN, YEND]",[]
28,1110,NULL,411-01,Asset,"[B2BT, CADJ, CLH, DEP, ICR, INV, IV, JOV, OUPA, PMT, RDCS, XICR, XINV, XOIP, XOIR, XPMT]",[]
29,1110,1.0,411-02,Asset,"[B2BT, CADJ, CLH, DEP, ICR, INV, IV, JOV, OUPA, PMT, RDCS, XICR, XINV, XOIP, XOIR, XPMT]",[]
30,1110,2.0,411-03,Asset,"[B2BT, CADJ, CLH, DEP, ICR, INV, IV, JOV, OUPA, PMT, RDCS, XICR, XINV, XOIP, XOIR]",[]
31,1111,NULL,411-01,Asset,"[JOE, RRD, YEND]",[]
32,113100,NULL,411-03,Asset,"[B2BT, CADJ, CLH, DEP, ICR, INV, IV, JOV, OUPA, PMT, RDCS, XICR, XINV, XOIP, XOIR]",[]
33,114100,NULL,411-02,Asset,"[B2BT, CADJ, CLH, DEP, ICR, INV, IV, JOV, OUPA, PMT, RDCS, XICR, XINV, XOIP, XOIR, XPMT]",[]
34,1209,NULL,921-06,Expense,"[JOE, RRD, YEND]",[]
35,1210,NULL,921-06,Expense,"[JOE, RRD, YEND]",[]
36,1211,NULL,921-06,Expense,"[JOE, RRD, YEND]",[]
37,1212,NULL,654,Expense,"[CADJ, CLH, IV, JOV, OUPA, RDCS, XOIP, XOIR]",[]
38,1212,NULL,921-06,Expense,"[JOE, RRD, YEND]",[]
39,1214,NULL,921-06,Expense,"[JOE, RRD, YEND]",[]
40,1215,NULL,921-06,Expense,"[JOE, RRD, YEND]",[]
41,1216,NULL,921-06,Expense,"[JOE, RRD, YEND]",[]
42,1320,NULL,441,Liability,"[B2BT, CADJ, CLH, IV, JOE, JOV, OUPA, PMT, RDCS, RRD, XOIP, XOIR, YEND]",[]
43,139000,NULL,332,Asset,"[JOE, RRD, YEND]",[]
44,139001,NULL,332,Asset,"[JOE, RRD, YEND]",[]
45,139002,NULL,332,Asset,"[JOE, RRD, YEND]",[]
46,1500,NULL,471,Asset,"[B2BT, CADJ, CLH, DEP, IV, JOE, JOV, OUPA, PMT, RCR, RDCS, RIN, RRD, XOIP, XOIR, XPMT, XRCR, XRIN, YEND]",[]
47,1550,NULL,267,Asset,"[CADJ, CLH, DEP, IV, JOE, JOV, OUPA, RCR, RDCS, RIN, RRD, XOIP, XOIR, XRCR, XRIN, YEND]",[]
48,1601,NULL,214,Asset,"[CADJ, CLH, IV, JOE, JOV, OUPA, RCR, RDCS, RIN, RRD, XOIP, XOIR, XRCR, XRIN, YEND]",[]
49,1602,NULL,2133,Liability,"[RCR, RIN, XRCR, XRIN]",[]
50,1603,NULL,2131-00,Asset,"[CADJ, CLH, IV, JOV, OUPA, RCR, RDCS, RIN, XOIP, XOIR, XRCR, XRIN]",[]
51,1604,NULL,212,Asset,"[CADJ, CLH, IV, JOE, JOV, OUPA, RCR, RDCS, RIN, RRD, XOIP, XOIR, XRCR, XRIN, YEND]",[]
52,1610,NULL,208,Asset,"[CADJ, CLH, IV, JOE, JOV, OUPA, RCR, RDCS, RIN, RRD, XOIP, XOIR, XRCR, XRIN, YEND]",[]
53,1611,NULL,205-01,Asset,"[RCR, RIN, XRCR, XRIN]",[]
54,1615,NULL,2131-01,Asset,"[CADJ, CLH, IV, JOE, JOV, OUPA, RCR, RDCS, RIN, RRD, XOIP, XOIR, XRCR, XRIN, YEND]",[]
55,1801,NULL,267,Asset,"[B2BT, DEP, PMT, RCR, RIN, XPMT, XRCR, XRIN]",[]
56,2003,NULL,428,Liability,"[CADJ, CLH, IV, JOE, JOV, OUPA, RDCS, RRD, XOIP, XOIR, YEND]",[]
57,2015,NULL,542,Asset,"[B2BT, CADJ, CLH, DEP, IV, JOE, JOV, OUPA, PMT, RDCS, RRD, XOIP, XOIR, XPMT, YEND]",[]
58,2021,NULL,4315-01,Liability,"[B2BT, PMT]",[]
59,2022,NULL,4311-01,Liability,"[B2BT, PMT]",[]
60,2023,NULL,4313-01,Liability,"[B2BT, PMT]",[]
61,2024,NULL,4316-01,Liability,"[B2BT, PMT]",[]
62,2025,NULL,4371-01,Liability,"[B2BT, PMT]",[]
63,2026,NULL,4372-01,Liability,"[B2BT, PMT]",[]
64,2027,NULL,4371-02,Liability,"[B2BT, PMT]",[]
65,2028,NULL,4471-01,Liability,"[B2BT, PMT]",[]
66,2035,NULL,408,Liability,"[JOE, RIN, RRD, XRCR, YEND]",[]
67,2036,NULL,1511-01,Liability,"[JOE, RRD, YEND]",[]
68,2100,NULL,461,Asset,"[B2BT, CADJ, CLH, DEP, ICR, INV, IV, JOV, OUPA, PMT, RCR, RDCS, RIN, XICR, XINV, XOIP, XOIR, XRCR, XRIN]",[]
69,2101,NULL,461,Asset,"[B2BT, CADJ, CLH, DEP, ICR, INV, IV, JOV, OUPA, PMT, RCR, RDCS, RIN, XICR, XINV, XOIP, XOIR, XRCR, XRIN]",[]
70,210100,NULL,401-01,Liability,"[B2BT, CADJ, CLH, DEP, IV, JOV, OUPA, PMT, RCR, RDCS, RIN, XOIP, XOIR, XPMT, XRCR, XRIN]",[]
71,2102,NULL,628-07,Expense,"[CADJ, CLH, IV, JOV, OUPA, RCR, RDCS, RIN, XOIP, XOIR, XRCR, XRIN]",[]
72,2102,NULL,704-07,Revenue,"[ICR, INV, XICR, XINV]",[]
73,2102,1.0,401-10,Liability,"[B2BT, CADJ, CLH, DEP, IV, JOE, JOV, OUPA, PMT, RDCS, RRD, XOIP, XOIR, XPMT, YEND]","[RIN/XRCR, RCR/XRIN]"
74,2102,1.0,628-10,Expense,"[RCR, RIN, XRCR, XRIN]",[]
75,2102,1.0,921-03,Expense,[ES],[]
76,2102,2.0,401-01,Liability,"[B2BT, CADJ, CLH, DEP, IV, JOV, OUPA, PMT, RDCS, XOIP, XOIR]","[RIN/XRCR, RCR/XRIN]"
77,2102,2.0,628-10,Expense,"[RCR, RIN, XRCR, XRIN]",[]
78,2102,2.0,921-04,Expense,[ES],[]
79,2103,NULL,628-02,Expense,"[RCR, RIN, XRCR, XRIN]",[]
80,2103,NULL,704-02,Revenue,"[CADJ, CLH, ICR, INV, IV, JOV, OUPA, RDCS, XICR, XINV, XOIP, XOIR]",[]
81,2105,NULL,628-03,Expense,"[CADJ, CLH, IV, JOV, OUPA, RCR, RDCS, RIN, XOIP, XOIR, XRCR, XRIN]",[]
82,2105,NULL,704-03,Revenue,"[ICR, INV, XICR, XINV]",[]
83,2106,NULL,628-00,Expense,"[RCR, RIN, XRCR, XRIN]",[]
84,2106,NULL,704-00,Revenue,"[CADJ, CLH, ICR, INV, IV, JOV, OUPA, RDCS, XICR, XINV, XOIP, XOIR]",[]
85,2106,NULL,921-04,Expense,[ES],[]
86,2109,NULL,704-03,Revenue,"[ICR, INV, XICR, XINV]",[]
87,2110,NULL,704-15,Revenue,"[CADJ, CLH, IV, JOV, OUPA, RDCS, XOIP, XOIR]",[]
88,211010,NULL,401,Liability,"[B2BT, PMT, XPMT]",[]
89,211010,NULL,628-090,Expense,"[CADJ, CLH, DEP, IV, JOV, OUPA, RCR, RDCS, RIN, XOIP, XOIR, XRCR, XRIN]",[]
90,211010,NULL,704-05,Revenue,"[ICR, INV, XICR, XINV]",[]
91,211010,NULL,921-06,Expense,[ES],[]
92,2111,NULL,628-02,Expense,"[CADJ, CLH, IV, JOV, OUPA, RCR, RDCS, RIN, XOIP, XOIR, XRCR, XRIN]",[]
93,2111,NULL,921-05,Expense,[ES],[]
94,2115,NULL,628-04,Expense,"[CADJ, CLH, IV, JOE, JOV, OUPA, RCR, RDCS, RIN, RRD, XOIP, XOIR, XRCR, XRIN, YEND]",[]
95,2115,NULL,704-04,Revenue,"[ICR, INV, XICR, XINV]",[]
96,2118,NULL,628-25,Expense,"[RCR, RIN, XRCR, XRIN]",[]
97,2118,NULL,704-25,Revenue,"[ICR, INV, XICR, XINV]",[]
98,2120,NULL,401-01,Liability,"[B2BT, CADJ, CLH, DEP, IV, JOV, OUPA, PMT, RCR, RDCS, RIN, XOIP, XOIR, XPMT, XRCR, XRIN]","[RIN/XRCR, RCR/XRIN]"
99,2121,NULL,628-03,Expense,"[CADJ, CLH, IV, JOV, OUPA, RCR, RDCS, RIN, XOIP, XOIR, XRCR, XRIN]",[]
100,2121,NULL,704-03,Revenue,"[ICR, INV, XICR, XINV]",[]
101,2123,NULL,628-08,Expense,"[CADJ, CLH, IV, JOV, OUPA, RCR, RDCS, RIN, XOIP, XOIR, XRCR, XRIN]",[]
102,2123,NULL,704-08,Revenue,"[ICR, INV, XICR, XINV]",[]
103,2130,2.0,401,Liability,"[B2BT, PMT, XPMT]",[]
104,2130,2.0,628-09,Expense,"[CADJ, CLH, IV, JOV, OUPA, RCR, RDCS, RIN, XOIP, XOIR, XRCR, XRIN]",[]
105,2130,2.0,704-09,Revenue,"[ICR, INV, XICR, XINV]",[]
106,2130,2.0,921-06,Expense,[ES],[]
107,213100,NULL,401,Liability,"[B2BT, CADJ, CLH, DEP, IV, JOV, OUPA, PMT, RDCS, XOIP, XOIR]","[RIN/XRCR, RCR/XRIN]"
108,213100,NULL,628-10,Expense,"[RCR, RIN, XRCR, XRIN]",[]
109,213100,NULL,921-04,Expense,[ES],[]
110,2132,NULL,401,Liability,"[B2BT, PMT, XPMT]",[]
111,2132,NULL,628-120,Expense,"[CADJ, CLH, IV, JOV, OUPA, RCR, RDCS, RIN, XOIP, XOIR, XRCR, XRIN]",[]
112,2132,NULL,704-12,Revenue,[],[]
113,2132,NULL,921-06,Expense,[ES],[]
114,2140,NULL,628-03,Expense,"[CADJ, CLH, IV, JOV, OUPA, RCR, RDCS, RIN, XOIP, XOIR, XRCR, XRIN]",[]
115,2140,NULL,921-04,Expense,[ES],[]
116,214100,NULL,401-10,Liability,"[B2BT, CADJ, CLH, DEP, IV, JOE, JOV, OUPA, PMT, RDCS, RRD, XOIP, XOIR, XPMT, YEND]","[RIN/XRCR, RCR/XRIN]"
117,214100,NULL,628-10,Expense,"[RCR, RIN, XRCR, XRIN]",[]
118,214100,NULL,921-03,Expense,[ES],[]
119,2144,NULL,461,Asset,"[CADJ, CLH, IV, JOV, OUPA, RDCS, XOIP, XOIR]",[]
120,2148,NULL,408,Liability,[],[]
121,2148,NULL,472,Liability,"[JOE, RRD, YEND]",[]
122,2150,NULL,408,Liability,"[CADJ, CLH, IV, JOE, JOV, OUPA, RDCS, RRD, XOIP, XOIR, YEND]",[]
123,2151,NULL,408,Liability,"[B2BT, CADJ, CLH, DEP, ES, ICR, INV, IV, JOE, JOV, OUPA, PMT, PRO, RCR, RDCS, RIN, RRD, XICR, XINV, XOIP, XOIR, XPMT, XRCR, XRIN, YEND]","[RIN/XRCR, RCR/XRIN, INV/XINV, ICR/XICR]"
124,2162,NULL,462,Liability,[DEP],[]
125,2170,NULL,423,Liability,"[JOE, RRD, YEND]",[]
126,2171,NULL,436,Liability,"[B2BT, DEP, JOE, PMT, RRD, XPMT, YEND]",[]
127,2172,NULL,4382-02,Liability,"[B2BT, DEP, PMT, XPMT]",[]
128,2172,NULL,4471-01,Liability,[],[]
129,2173,NULL,408,Liability,"[B2BT, CADJ, CLH, DEP, IV, JOE, JOV, OUPA, PMT, RCR, RDCS, RIN, RRD, XOIP, XOIR, XRCR, XRIN, YEND]",[]
130,2174,NULL,444,Liability,"[B2BT, JOE, PMT, RRD, YEND]",[]
131,2175,NULL,4311-01,Liability,"[JOE, RRD, YEND]",[]
132,2176,NULL,4311-02,Liability,"[JOE, RRD, YEND]",[]
133,2177,NULL,421,Liability,"[B2BT, CADJ, CLH, DEP, IV, JOE, JOV, OUPA, PMT, RCR, RDCS, RIN, RRD, XOIP, XOIR, XPMT, XRCR, XRIN, YEND]",[RIN/XRCR]
134,2178,NULL,4312-01,Liability,"[JOE, RRD, YEND]",[]
135,2179,NULL,4314-01,Liability,[],[]
136,2179,NULL,446-02,Liability,"[B2BT, JOE, PMT, RRD, YEND]",[]
137,2179,NULL,448,Liability,[],[]
138,2190,NULL,4427-01,Liability,"[CADJ, CLH, ICR, INV, IV, JOE, JOV, OUPA, RDCS, RRD, XICR, XINV, XOIP, XOIR, YEND]",[]
139,2191,NULL,4427-03,Liability,"[CADJ, CLH, IV, JOE, JOV, OUPA, RCR, RDCS, RIN, RRD, XOIP, XOIR, XRCR, XRIN, YEND]",[]
140,2192,NULL,446-01,Liability,"[CADJ, CLH, IV, JOV, OUPA, RCR, RDCS, RIN, XOIP, XOIR, XRCR, XRIN]",[]
141,2193,NULL,4423-01,Liability,"[B2BT, CADJ, CLH, IV, JOE, JOV, OUPA, PMT, RDCS, RRD, XOIP, XOIR, YEND]",[]
142,2207,NULL,408,Liability,"[JOE, RRD, YEND]",[]
143,2289,NULL,446-01,Liability,"[B2BT, CADJ, CLH, DEP, IV, JOE, JOV, OUPA, PMT, RCR, RDCS, RIN, RRD, XOIP, XOIR, XPMT, XRCR, XRIN, YEND]",[]
144,2290,NULL,441,Liability,"[B2BT, CADJ, CLH, DEP, ES, ICR, INV, IS, IV, JOE, JOV, OUPA, PMT, RCR, RDCS, RIN, RRD, XICR, XINV, XOIP, XOIR, XPMT, XRCR, XRIN, YEND]","[RIN/XRCR, RCR/XRIN, INV/XINV, ICR/XICR]"
145,239000,NULL,472,Liability,"[JOE, RRD, YEND]",[]
146,239001,NULL,472,Liability,"[JOE, RRD, YEND]",[]
147,239002,NULL,472,Liability,"[JOE, RRD, YEND]",[]
148,239003,NULL,472,Liability,"[JOE, RRD, YEND]",[]
149,2400,NULL,4381-01,Liability,"[B2BT, PMT]",[]
150,2400,NULL,628-20,Expense,"[JOE, RCR, RIN, RRD, XRCR, XRIN, YEND]",[]
151,2400,NULL,704-20,Revenue,"[ICR, INV, XICR, XINV]",[]
152,2401,NULL,628-20,Expense,"[JOE, RCR, RIN, RRD, XRCR, XRIN, YEND]",[]
153,2407,NULL,628-20,Expense,"[JOE, RCR, RIN, RRD, XRCR, XRIN, YEND]",[]
154,2407,NULL,704-20,Revenue,"[ICR, INV, XICR, XINV]",[]
155,2501,NULL,408,Liability,"[B2BT, JOE, PMT, RRD, YEND]",[]
156,2501,0.0,401-10,Liability,"[CADJ, CLH, IV, JOV, OUPA, RDCS, XOIP, XOIR]",[]
157,2501,0.0,408,Liability,"[B2BT, JOE, PMT, RRD, YEND]",[]
158,2600,NULL,408,Liability,"[JOE, RRD, YEND]",[]
159,2600,75.0,408,Liability,"[JOE, RRD, YEND]",[]
160,2605,0.0,4551-01,Liability,"[B2BT, CADJ, CLH, DEP, IV, JOE, JOV, OUPA, PMT, RDCS, RRD, XOIP, XOIR, YEND]",[]
161,2610,NULL,457,Liability,"[B2BT, CADJ, CLH, IV, JOV, OUPA, PMT, RDCS, XOIP, XOIR]",[]
162,2610,0.0,457,Liability,"[B2BT, JOE, PMT, RRD, XPMT, YEND]",[]
163,2610,0.0,462,Liability,"[CADJ, CLH, IV, JOV, OUPA, RDCS, XOIP, XOIR]",[]
164,3030,222.0,921-06,Expense,"[JOE, RRD, YEND]",[]
165,3032,0.0,1061,Liability,"[B2BT, CADJ, CLH, DEP, ES, ICR, INV, IS, IV, JOE, JOV, OUPA, PMT, RCR, RDCS, RIN, RRD, XICR, XINV, XOIP, XOIR, XPMT, XRCR, XRIN, YEND]","[RIN/XRCR, RCR/XRIN, INV/XINV, ICR/XICR]"
166,3035,0.0,117,Equity,[],[]
167,3035,0.0,921-06,Expense,"[JOE, RRD, YEND]",[]
168,3038,0.0,921-03,Expense,"[JOE, RRD, YEND]",[]
169,4000,NULL,628-03,Expense,[],[]
170,4000,NULL,704-03,Revenue,"[ICR, INV, JOE, RRD, XICR, XINV, YEND]",[]
171,4001,NULL,628-05,Expense,"[JOE, RCR, RIN, RRD, XRCR, XRIN, YEND]",[]
172,4001,NULL,704-05,Revenue,"[ICR, INV, XICR, XINV]",[]
173,4002,NULL,628-05,Expense,[],[]
174,4002,NULL,704-05,Revenue,"[CADJ, CLH, ICR, INV, IV, JOE, JOV, OUPA, RDCS, RRD, XICR, XINV, XOIP, XOIR, YEND]",[]
175,4003,NULL,604-01,Expense,"[RCR, RIN, XRCR, XRIN]",[]
176,4003,NULL,704-01,Revenue,"[ICR, INV, XICR, XINV]",[]
177,4004,NULL,704-03,Revenue,"[ICR, INV, XICR, XINV]",[]
178,4005,NULL,704-02,Revenue,"[ICR, INV, XICR, XINV]",[]
179,4006,NULL,628-05,Expense,"[JOE, RCR, RIN, RRD, XRCR, XRIN, YEND]",[]
180,4006,NULL,704-05,Revenue,"[ICR, INV, XICR, XINV]",[]
181,4009,NULL,628-01,Expense,"[CADJ, CLH, IV, JOE, JOV, OUPA, RCR, RDCS, RIN, RRD, XOIP, XOIR, XRCR, XRIN, YEND]",[]
182,4009,NULL,704-01,Revenue,"[ICR, INV, XICR, XINV]",[]
183,4010,NULL,628-02,Expense,"[CADJ, CLH, IV, JOV, OUPA, RCR, RDCS, RIN, XOIP, XOIR, XRCR, XRIN]",[]
184,4010,NULL,704-02,Revenue,"[ICR, INV, JOE, RRD, XICR, XINV, YEND]",[]
185,4015,NULL,704-15,Revenue,"[CADJ, CLH, ICR, INV, IV, JOV, OUPA, RDCS, XICR, XINV, XOIP, XOIR]",[]
186,4023,NULL,704-08,Revenue,"[CADJ, CLH, INV, IV, JOV, OUPA, RDCS, XINV, XOIP, XOIR]",[]
187,4024,NULL,704-08,Revenue,"[CADJ, CLH, INV, IV, JOV, OUPA, RDCS, XINV, XOIP, XOIR]",[]
188,4030,NULL,628-11,Expense,[],[]
189,4030,NULL,704-11,Revenue,"[ICR, INV, JOE, RCR, RIN, RRD, XICR, XINV, XRCR, XRIN, YEND]",[]
190,4035,NULL,704-50,Revenue,"[RCR, RIN, XRCR, XRIN]",[]
191,4040,NULL,704-05,Revenue,"[ICR, INV, XICR, XINV]",[]
192,4041,NULL,704-03,Revenue,"[ICR, INV, XICR, XINV]",[]
193,4055,NULL,704-03,Revenue,"[JOE, RCR, RIN, RRD, XRCR, XRIN, YEND]",[]
194,4061,NULL,667,Expense,"[RCR, RIN, XRCR, XRIN]",[]
195,4062,NULL,667,Expense,"[RCR, RIN, XRCR, XRIN]",[]
196,4063,NULL,667,Expense,"[RCR, RIN, XRCR, XRIN]",[]
197,4064,NULL,667,Expense,"[RCR, RIN, XRCR, XRIN]",[]
198,4083,NULL,704-03,Revenue,"[ICR, INV, XICR, XINV]",[]
199,4084,NULL,704-03,Revenue,"[ICR, INV, XICR, XINV]",[]
200,4086,NULL,628-03,Expense,"[CADJ, CLH, IV, JOV, OUPA, RDCS, XOIP, XOIR]",[]
201,4086,NULL,704-03,Revenue,"[ICR, INV, XICR, XINV]",[]
202,4087,NULL,628-03,Expense,"[CADJ, CLH, IV, JOV, OUPA, RDCS, XOIP, XOIR]",[]
203,4087,NULL,704-03,Revenue,"[ICR, INV, XICR, XINV]",[]
204,4088,NULL,628-03,Expense,"[CADJ, CLH, IV, JOE, JOV, OUPA, RCR, RDCS, RIN, RRD, XOIP, XOIR, XRCR, XRIN, YEND]",[]
205,4088,NULL,704-03,Revenue,[],[]
206,4094,NULL,628-03,Expense,"[CADJ, CLH, IV, JOV, OUPA, RCR, RDCS, RIN, XOIP, XOIR, XRCR, XRIN]",[]
207,4094,NULL,704-03,Revenue,"[ICR, INV, XICR, XINV]",[]
208,4095,NULL,628-03,Expense,"[CADJ, CLH, IV, JOV, OUPA, RDCS, XOIP, XOIR]",[]
209,4095,NULL,704-03,Revenue,"[ICR, INV, XICR, XINV]",[]
210,4096,NULL,628-03,Expense,"[B2BT, CADJ, CLH, DEP, ES, ICR, INV, IV, JOE, JOV, OUPA, PMT, PRO, RCR, RDCS, RIN, RRD, XICR, XINV, XOIP, XOIR, XPMT, XRCR, XRIN, YEND]","[RIN/XRCR, RCR/XRIN, INV/XINV, ICR/XICR]"
211,409810,NULL,921-03,Expense,"[JOE, RRD, YEND]",[]
212,409825,NULL,921-03,Expense,"[JOE, RRD, YEND]",[]
213,409830,NULL,921-03,Expense,"[JOE, RRD, YEND]",[]
214,4099,NULL,628-03,Expense,"[B2BT, CADJ, CLH, DEP, ES, ICR, INV, IV, JOE, JOV, OUPA, PMT, PRO, RCR, RDCS, RIN, RRD, XICR, XINV, XOIP, XOIR, XPMT, XRCR, XRIN, YEND]","[RIN/XRCR, RCR/XRIN, INV/XINV, ICR/XICR]"
215,409910,NULL,704-70E,Revenue,"[JOE, RRD, YEND]",[]
216,409915,NULL,704-70E,Revenue,"[JOE, RRD, YEND]",[]
217,409920,NULL,704-70E,Revenue,"[JOE, RRD, YEND]",[]
218,409925,NULL,704-70E,Revenue,"[JOE, RRD, YEND]",[]
219,409930,NULL,704-70E,Revenue,"[JOE, RRD, YEND]",[]
220,409935,NULL,704-70E,Revenue,"[JOE, RRD, YEND]",[]
221,4100,NULL,628-01,Expense,"[CADJ, CLH, IV, JOV, OUPA, RCR, RDCS, RIN, XOIP, XOIR, XRCR, XRIN]",[]
222,4100,NULL,704-01,Revenue,"[ICR, INV, XICR, XINV]",[]
223,4101,NULL,628-01,Expense,"[CADJ, CLH, IV, JOE, JOV, OUPA, RCR, RDCS, RIN, RRD, XOIP, XOIR, XRCR, XRIN, YEND]",[]
224,4101,NULL,704-01,Revenue,"[ICR, INV, XICR, XINV]",[]
225,4102,NULL,628-01,Expense,"[CADJ, CLH, IV, JOV, OUPA, RCR, RDCS, RIN, XOIP, XOIR, XRCR, XRIN]",[]
226,4102,NULL,704-01,Revenue,"[ICR, INV, XICR, XINV]",[]
227,4103,NULL,628-01,Expense,"[CADJ, CLH, IV, JOE, JOV, OUPA, RCR, RDCS, RIN, RRD, XOIP, XOIR, XRCR, XRIN, YEND]",[]
228,4103,NULL,704-01,Revenue,"[ICR, INV, XICR, XINV]",[]
229,4104,NULL,628-01,Expense,"[CADJ, CLH, IV, JOE, JOV, OUPA, RCR, RDCS, RIN, RRD, XOIP, XOIR, XRCR, XRIN, YEND]",[]
230,4104,NULL,704-01,Revenue,"[ICR, INV, XICR, XINV]",[]
231,4105,NULL,628-01,Expense,"[CADJ, CLH, IV, JOV, OUPA, RCR, RDCS, RIN, XOIP, XOIR, XRCR, XRIN]",[]
232,4105,NULL,704-01,Revenue,"[ICR, INV, XICR, XINV]",[]
233,4106,NULL,628-01,Expense,"[RCR, RIN, XRCR, XRIN]",[]
234,4106,NULL,704-01,Revenue,"[ICR, INV, XICR, XINV]",[]
235,4107,NULL,628-01,Expense,"[RCR, RIN, XRCR, XRIN]",[]
236,4107,NULL,704-01,Revenue,"[ICR, INV, XICR, XINV]",[]
237,4108,NULL,628-01,Expense,"[CADJ, CLH, IV, JOV, OUPA, RCR, RDCS, RIN, XOIP, XOIR, XRCR, XRIN]",[]
238,4108,NULL,704-01,Revenue,"[ICR, INV, XICR, XINV]",[]
239,4109,NULL,628-01,Expense,"[CADJ, CLH, IV, JOV, OUPA, RCR, RDCS, RIN, XOIP, XOIR, XRCR, XRIN]",[]
240,4109,NULL,704-01,Revenue,"[ICR, INV, XICR, XINV]",[]
241,4120,NULL,628-02,Expense,"[CADJ, CLH, IV, JOE, JOV, OUPA, RCR, RDCS, RIN, RRD, XOIP, XOIR, XRCR, XRIN, YEND]",[]
242,4120,NULL,704-02,Revenue,"[ICR, INV, XICR, XINV]",[]
243,4121,NULL,628-02,Expense,"[CADJ, CLH, IV, JOV, OUPA, RCR, RDCS, RIN, XOIP, XOIR, XRCR, XRIN]",[]
244,4121,NULL,704-02,Revenue,"[ICR, INV, JOE, RRD, XICR, XINV, YEND]",[]
245,4122,NULL,628-02,Expense,"[CADJ, CLH, IV, JOV, OUPA, RCR, RDCS, RIN, XOIP, XOIR, XRCR, XRIN]",[]
246,4122,NULL,704-02,Revenue,"[ICR, INV, XICR, XINV]",[]
247,4123,NULL,628-02,Expense,"[CADJ, CLH, IV, JOV, OUPA, RCR, RDCS, RIN, XOIP, XOIR, XRCR, XRIN]",[]
248,4123,NULL,704-02,Revenue,"[ICR, INV, XICR, XINV]",[]
249,4125,NULL,628-02,Expense,"[CADJ, CLH, IV, JOV, OUPA, RCR, RDCS, RIN, XOIP, XOIR, XRCR, XRIN]",[]
250,4125,NULL,704-02,Revenue,"[ICR, INV, XICR, XINV]",[]
251,4126,NULL,628-02,Expense,"[CADJ, CLH, IV, JOV, OUPA, RCR, RDCS, RIN, XOIP, XOIR, XRCR, XRIN]",[]
252,4126,NULL,704-02,Revenue,"[ICR, INV, XICR, XINV]",[]
253,4127,NULL,628-02,Expense,"[CADJ, CLH, IV, JOV, OUPA, RCR, RDCS, RIN, XOIP, XOIR, XRCR, XRIN]",[]
254,4127,NULL,704-02,Revenue,"[ICR, INV, XICR, XINV]",[]
255,4128,NULL,628-02,Expense,"[CADJ, CLH, IV, JOV, OUPA, RCR, RDCS, RIN, XOIP, XOIR, XRCR, XRIN]",[]
256,4128,NULL,704-02,Revenue,"[ICR, INV, XICR, XINV]",[]
257,4129,NULL,628-02,Expense,"[CADJ, CLH, IV, JOE, JOV, OUPA, RCR, RDCS, RIN, RRD, XOIP, XOIR, XRCR, XRIN, YEND]",[]
258,4129,NULL,704-02,Revenue,"[ICR, INV, XICR, XINV]",[]
259,4136,NULL,767,Revenue,"[RCR, RIN, XRCR, XRIN]",[]
260,4137,NULL,767,Revenue,"[RCR, RIN, XRCR, XRIN]",[]
261,4138,NULL,767,Revenue,"[RCR, RIN, XRCR, XRIN]",[]
262,4140,NULL,628-05,Expense,"[CADJ, CLH, IV, JOE, JOV, OUPA, RCR, RDCS, RIN, RRD, XOIP, XOIR, XRCR, XRIN, YEND]",[]
263,4140,NULL,704-05,Revenue,"[ICR, INV, XICR, XINV]",[]
264,4141,NULL,628-05,Expense,"[CADJ, CLH, IV, JOE, JOV, OUPA, RCR, RDCS, RIN, RRD, XOIP, XOIR, XRCR, XRIN, YEND]",[]
265,4141,NULL,704-05,Revenue,"[DEP, ICR, INV, XICR, XINV]",[]
266,4142,NULL,628-05,Expense,"[CADJ, CLH, IV, JOV, OUPA, RCR, RDCS, RIN, XOIP, XOIR, XRCR, XRIN]",[]
267,4142,NULL,704-05,Revenue,"[ICR, INV, XICR, XINV]",[]
268,4143,NULL,628-05,Expense,"[B2BT, CADJ, CLH, IV, JOE, JOV, OUPA, PMT, RCR, RDCS, RIN, RRD, XOIP, XOIR, XRCR, XRIN, YEND]",[]
269,4143,NULL,704-05,Revenue,"[ICR, INV, XICR, XINV]",[]
270,4144,NULL,628-05,Expense,"[RCR, RIN, XRCR, XRIN]",[]
271,4144,NULL,704-05,Revenue,"[ICR, INV, XICR, XINV]",[]
272,4145,NULL,628-05,Expense,"[CADJ, CLH, IV, JOV, OUPA, RCR, RDCS, RIN, XOIP, XOIR, XRCR, XRIN]",[]
273,4145,NULL,704-05,Revenue,"[ICR, INV, XICR, XINV]",[]
274,4146,NULL,628-05,Expense,"[CADJ, CLH, IV, JOV, OUPA, RCR, RDCS, RIN, XOIP, XOIR, XRCR, XRIN]",[]
275,4146,NULL,704-05,Revenue,"[ICR, INV, XICR, XINV]",[]
276,4147,NULL,628-05,Expense,"[RCR, RIN, XRCR, XRIN]",[]
277,4147,NULL,704-05,Revenue,"[ICR, INV, XICR, XINV]",[]
278,4148,NULL,628-05,Expense,"[CADJ, CLH, IV, JOV, OUPA, RCR, RDCS, RIN, XOIP, XOIR, XRCR, XRIN]",[]
279,4148,NULL,704-05,Revenue,"[ICR, INV, XICR, XINV]",[]
280,4149,NULL,628-05,Expense,"[CADJ, CLH, IV, JOE, JOV, OUPA, RCR, RDCS, RIN, RRD, XOIP, XOIR, XRCR, XRIN, YEND]",[]
281,4149,NULL,704-05,Revenue,"[ICR, INV, XICR, XINV]",[]
282,4150,NULL,628-03,Expense,"[CADJ, CLH, IV, JOE, JOV, OUPA, RCR, RDCS, RIN, RRD, XOIP, XOIR, XRCR, XRIN, YEND]",[]
283,4150,NULL,704-03,Revenue,"[ICR, INV, XICR, XINV]",[]
284,4151,NULL,628-50,Expense,"[CADJ, CLH, IV, JOE, JOV, OUPA, RCR, RDCS, RIN, RRD, XOIP, XOIR, XRCR, XRIN, YEND]",[]
285,4151,NULL,704-50,Revenue,"[ICR, INV, XICR, XINV]",[]
286,4152,NULL,628-50,Expense,"[CADJ, CLH, IV, JOV, OUPA, RCR, RDCS, RIN, XOIP, XOIR, XRCR, XRIN]",[]
287,4152,NULL,704-50,Revenue,"[ICR, INV, XICR, XINV]",[]
288,4153,NULL,628-50,Expense,"[CADJ, CLH, IV, JOV, OUPA, RCR, RDCS, RIN, XOIP, XOIR, XRCR, XRIN]",[]
289,4153,NULL,704-50,Revenue,"[ICR, INV, XICR, XINV]",[]
290,4154,NULL,628-50,Expense,"[CADJ, CLH, IV, JOV, OUPA, RCR, RDCS, RIN, XOIP, XOIR, XRCR, XRIN]",[]
291,4154,NULL,704-50,Revenue,"[ICR, INV, XICR, XINV]",[]
292,4155,NULL,628-50,Expense,"[CADJ, CLH, IV, JOV, OUPA, RCR, RDCS, RIN, XOIP, XOIR, XRCR, XRIN]",[]
293,4155,NULL,704-50,Revenue,"[ICR, INV, XICR, XINV]",[]
294,4156,NULL,628-50,Expense,"[RCR, RIN, XRCR, XRIN]",[]
295,4156,NULL,704-50,Revenue,"[ICR, INV, XICR, XINV]",[]
296,4157,NULL,628-50,Expense,"[CADJ, CLH, IV, JOE, JOV, OUPA, RCR, RDCS, RIN, RRD, XOIP, XOIR, XRCR, XRIN, YEND]",[]
297,4157,NULL,704-50,Revenue,"[ICR, INV, XICR, XINV]",[]
298,4158,NULL,628-50,Expense,"[RCR, RIN, XRCR, XRIN]",[]
299,4158,NULL,704-50,Revenue,"[ICR, INV, XICR, XINV]",[]
300,4159,NULL,628-50,Expense,"[CADJ, CLH, IV, JOE, JOV, OUPA, RCR, RDCS, RIN, RRD, XOIP, XOIR, XRCR, XRIN, YEND]",[]
301,4159,NULL,704-50,Revenue,"[ICR, INV, XICR, XINV]",[]
302,4162,NULL,628-03,Expense,"[CADJ, CLH, IV, JOE, JOV, OUPA, RCR, RDCS, RIN, RRD, XOIP, XOIR, XRCR, XRIN, YEND]",[]
303,4162,NULL,704-03,Revenue,"[ICR, INV, XICR, XINV]",[]
304,4163,NULL,628-03,Expense,"[CADJ, CLH, IV, JOE, JOV, OUPA, RCR, RDCS, RIN, RRD, XOIP, XOIR, XRCR, XRIN, YEND]",[]
305,4163,NULL,704-03,Revenue,"[ICR, INV, XICR, XINV]",[]
306,4164,NULL,628-03,Expense,"[CADJ, CLH, IV, JOE, JOV, OUPA, RCR, RDCS, RIN, RRD, XOIP, XOIR, XRCR, XRIN, YEND]",[]
307,4164,NULL,704-03,Revenue,"[ICR, INV, XICR, XINV]",[]
308,4165,NULL,628-03,Expense,"[CADJ, CLH, IV, JOV, OUPA, RCR, RDCS, RIN, XOIP, XOIR, XRCR, XRIN]",[]
309,4165,NULL,704-03,Revenue,"[ICR, INV, JOE, RRD, XICR, XINV, YEND]",[]
310,4166,NULL,628-03,Expense,"[CADJ, CLH, IV, JOV, OUPA, RCR, RDCS, RIN, XOIP, XOIR, XRCR, XRIN]",[]
311,4166,NULL,704-03,Revenue,"[ICR, INV, XICR, XINV]",[]
312,4167,NULL,628-03,Expense,"[RCR, RIN, XRCR, XRIN]",[]
313,4167,NULL,704-03,Revenue,"[ICR, INV, XICR, XINV]",[]
314,4168,NULL,628-03,Expense,"[CADJ, CLH, IV, JOV, OUPA, RCR, RDCS, RIN, XOIP, XOIR, XRCR, XRIN]",[]
315,4168,NULL,704-03,Revenue,"[ICR, INV, XICR, XINV]",[]
316,4169,NULL,628-03,Expense,"[CADJ, CLH, IV, JOE, JOV, OUPA, RCR, RDCS, RIN, RRD, XOIP, XOIR, XRCR, XRIN, YEND]",[]
317,4169,NULL,704-03,Revenue,"[ICR, INV, XICR, XINV]",[]
318,4181,NULL,628-02,Expense,"[CADJ, CLH, IV, JOE, JOV, OUPA, RDCS, RRD, XOIP, XOIR, YEND]",[]
319,4181,NULL,704-02,Revenue,"[ICR, INV, XICR, XINV]",[]
320,4190,NULL,628-520,Expense,"[CADJ, CLH, IV, JOV, OUPA, RDCS, XOIP, XOIR]",[]
321,4190,NULL,704-520,Revenue,"[ICR, INV, XICR, XINV]",[]
322,4191,NULL,628-520,Expense,"[CADJ, CLH, IV, JOV, OUPA, RDCS, XOIP, XOIR]",[]
323,4191,NULL,704-520,Revenue,"[ICR, INV, XICR, XINV]",[]
324,4192,NULL,628-520,Expense,"[CADJ, CLH, IV, JOV, OUPA, RDCS, XOIP, XOIR]",[]
325,4192,NULL,704-520,Revenue,"[ICR, INV, XICR, XINV]",[]
326,4193,NULL,628-520,Expense,"[CADJ, CLH, IV, JOV, OUPA, RDCS, XOIP, XOIR]",[]
327,4193,NULL,704-520,Revenue,"[ICR, INV, XICR, XINV]",[]
328,4194,NULL,628-520,Expense,"[CADJ, CLH, IV, JOV, OUPA, RDCS, XOIP, XOIR]",[]
329,4194,NULL,704-520,Revenue,"[ICR, INV, XICR, XINV]",[]
330,4195,NULL,628-520,Expense,"[CADJ, CLH, IV, JOV, OUPA, RDCS, XOIP, XOIR]",[]
331,4195,NULL,704-520,Revenue,"[ICR, INV, XICR, XINV]",[]
332,4196,NULL,628-520,Expense,"[CADJ, CLH, IV, JOV, OUPA, RDCS, XOIP, XOIR]",[]
333,4196,NULL,704-520,Revenue,"[ICR, INV, XICR, XINV]",[]
334,4197,NULL,628-520,Expense,"[CADJ, CLH, IV, JOV, OUPA, RDCS, XOIP, XOIR]",[]
335,4197,NULL,704-520,Revenue,"[ICR, INV, XICR, XINV]",[]
336,4198,NULL,704-520,Revenue,"[CADJ, CLH, ICR, INV, IV, JOE, JOV, OUPA, RDCS, RRD, XICR, XINV, XOIP, XOIR, YEND]",[]
337,4199,NULL,628-520,Expense,"[CADJ, CLH, IV, JOV, OUPA, RDCS, XOIP, XOIR]",[]
338,4199,NULL,704-520,Revenue,"[ICR, INV, XICR, XINV]",[]
339,4200,NULL,704-01,Revenue,"[ICR, INV, XICR, XINV]",[]
340,4201,NULL,704-01,Revenue,"[ICR, INV, XICR, XINV]",[]
341,4202,NULL,704-01,Revenue,"[ICR, INV, XICR, XINV]",[]
342,4203,NULL,704-01,Revenue,"[ICR, INV, XICR, XINV]",[]
343,4204,NULL,704-01,Revenue,"[ICR, INV, XICR, XINV]",[]
344,4205,NULL,704-01,Revenue,"[ICR, INV, XICR, XINV]",[]
345,4206,NULL,704-01,Revenue,"[ICR, INV, XICR, XINV]",[]
346,4207,NULL,704-01,Revenue,"[ICR, INV, XICR, XINV]",[]
347,4208,NULL,704-01,Revenue,"[ICR, INV, XICR, XINV]",[]
348,4209,NULL,704-01,Revenue,"[ICR, INV, XICR, XINV]",[]
349,4210,NULL,704-01,Revenue,"[ICR, INV, XICR, XINV]",[]
350,4211,NULL,704-01,Revenue,"[ICR, INV, XICR, XINV]",[]
351,4212,NULL,704-01,Revenue,"[ICR, INV, XICR, XINV]",[]
352,4213,NULL,704-01,Revenue,"[ICR, INV, XICR, XINV]",[]
353,4214,NULL,704-01,Revenue,"[ICR, INV, XICR, XINV]",[]
354,4215,NULL,704-01,Revenue,"[ICR, INV, XICR, XINV]",[]
355,4216,NULL,704-01,Revenue,"[ICR, INV, XICR, XINV]",[]
356,4217,NULL,704-01,Revenue,"[ICR, INV, XICR, XINV]",[]
357,4218,NULL,704-01,Revenue,"[ICR, INV, XICR, XINV]",[]
358,4219,NULL,704-01,Revenue,"[ICR, INV, XICR, XINV]",[]
359,4220,NULL,704-01,Revenue,"[ICR, INV, XICR, XINV]",[]
360,4221,NULL,704-01,Revenue,"[ICR, INV, XICR, XINV]",[]
361,4222,NULL,704-01,Revenue,"[ICR, INV, XICR, XINV]",[]
362,4223,NULL,704-01,Revenue,"[ICR, INV, XICR, XINV]",[]
363,4224,NULL,704-01,Revenue,"[ICR, INV, XICR, XINV]",[]
364,4225,NULL,704-01,Revenue,"[B2BT, DEP, ES, ICR, INV, PMT, XICR, XINV]",[]
365,4226,NULL,704-01,Revenue,"[ICR, INV, XICR, XINV]",[]
366,4227,NULL,704-01,Revenue,"[ICR, INV, XICR, XINV]",[]
367,4228,NULL,704-01,Revenue,"[ICR, INV, XICR, XINV]",[]
368,4229,NULL,704-01,Revenue,"[ICR, INV, XICR, XINV]",[]
369,4230,NULL,704-01,Revenue,"[ICR, INV, XICR, XINV]",[]
370,4231,NULL,704-01,Revenue,"[ICR, INV, XICR, XINV]",[]
371,4233,NULL,704-01,Revenue,"[ICR, INV, XICR, XINV]",[]
372,4235,NULL,704-01,Revenue,"[ICR, INV, XICR, XINV]",[]
373,4238,NULL,704-01,Revenue,"[ICR, INV, XICR, XINV]",[]
374,4241,NULL,704-01,Revenue,"[ICR, INV, XICR, XINV]",[]
375,4242,NULL,704-01,Revenue,"[ICR, INV, XICR, XINV]",[]
376,4243,NULL,704-01,Revenue,"[ICR, INV, XICR, XINV]",[]
377,4244,NULL,704-01,Revenue,"[ICR, INV, XICR, XINV]",[]
378,4245,NULL,704-01,Revenue,"[ES, ICR, INV, XICR, XINV]",[]
379,4246,NULL,704-01,Revenue,"[ES, ICR, INV, XICR, XINV]",[]
380,4250,NULL,704-02,Revenue,"[ICR, INV, XICR, XINV]",[]
381,4251,NULL,704-02,Revenue,"[ICR, INV, XICR, XINV]",[]
382,4252,NULL,704-02,Revenue,"[ICR, INV, XICR, XINV]",[]
383,4253,NULL,704-02,Revenue,"[ICR, INV, XICR, XINV]",[]
384,4254,NULL,704-02,Revenue,"[ICR, INV, XICR, XINV]",[]
385,4255,NULL,704-02,Revenue,"[ICR, INV, XICR, XINV]",[]
386,4256,NULL,704-02,Revenue,"[ICR, INV, XICR, XINV]",[]
387,4257,NULL,704-02,Revenue,"[ICR, INV, XICR, XINV]",[]
388,4258,NULL,704-02,Revenue,"[ICR, INV, XICR, XINV]",[]
389,4259,NULL,704-02,Revenue,"[ICR, INV, XICR, XINV]",[]
390,4260,NULL,704-02,Revenue,"[ICR, INV, XICR, XINV]",[]
391,4261,NULL,704-02,Revenue,"[ICR, INV, XICR, XINV]",[]
392,4262,NULL,704-02,Revenue,"[ICR, INV, XICR, XINV]",[]
393,4263,NULL,704-02,Revenue,"[ICR, INV, XICR, XINV]",[]
394,4264,NULL,704-02,Revenue,"[ICR, INV, XICR, XINV]",[]
395,4265,NULL,704-02,Revenue,"[ICR, INV, XICR, XINV]",[]
396,4266,NULL,704-02,Revenue,"[ICR, INV, XICR, XINV]",[]
397,4267,NULL,704-02,Revenue,"[ICR, INV, XICR, XINV]",[]
398,4268,NULL,704-02,Revenue,"[ICR, INV, XICR, XINV]",[]
399,4269,NULL,704-02,Revenue,"[ICR, INV, XICR, XINV]",[]
400,4270,NULL,704-02,Revenue,"[ICR, INV, XICR, XINV]",[]
401,4271,NULL,704-02,Revenue,"[ICR, INV, XICR, XINV]",[]
402,4272,NULL,704-02,Revenue,"[ICR, INV, XICR, XINV]",[]
403,4273,NULL,704-02,Revenue,"[ICR, INV, XICR, XINV]",[]
404,4274,NULL,704-02,Revenue,"[ICR, INV, XICR, XINV]",[]
405,4275,NULL,704-02,Revenue,"[ICR, INV, XICR, XINV]",[]
406,4276,NULL,704-02,Revenue,"[ICR, INV, XICR, XINV]",[]
407,4277,NULL,704-02,Revenue,"[ICR, INV, XICR, XINV]",[]
408,4278,NULL,704-02,Revenue,"[ICR, INV, XICR, XINV]",[]
409,4279,NULL,704-02,Revenue,"[ICR, INV, XICR, XINV]",[]
410,4280,NULL,704-02,Revenue,"[ICR, INV, XICR, XINV]",[]
411,4282,NULL,628-160,Expense,"[CADJ, CLH, IV, JOE, JOV, OUPA, RCR, RDCS, RIN, RRD, XOIP, XOIR, XRCR, XRIN, YEND]",[]
412,4282,NULL,704-10,Revenue,"[ICR, INV, XICR, XINV]",[]
413,4283,NULL,704-02,Revenue,"[ICR, INV, XICR, XINV]",[]
414,4284,NULL,628-160,Expense,"[CADJ, CLH, IV, JOE, JOV, OUPA, RCR, RDCS, RIN, RRD, XOIP, XOIR, XRCR, XRIN, YEND]",[]
415,4284,NULL,704-10,Revenue,"[ICR, INV, XICR, XINV]",[]
416,4285,NULL,704-02,Revenue,"[ICR, INV, RCR, XICR, XINV, XRIN]",[]
417,4286,NULL,628-160,Expense,"[CADJ, CLH, IV, JOE, JOV, OUPA, RCR, RDCS, RIN, RRD, XOIP, XOIR, XRCR, XRIN, YEND]",[]
418,4288,NULL,704-02,Revenue,"[ICR, INV, XICR, XINV]",[]
419,4291,NULL,704-02,Revenue,"[ICR, INV, XICR, XINV]",[]
420,4292,NULL,704-02,Revenue,"[ICR, INV, XICR, XINV]",[]
421,4295,NULL,704-02,Revenue,"[ICR, INV, XICR, XINV]",[]
422,4296,NULL,704-02,Revenue,"[ICR, INV, XICR, XINV]",[]
423,4300,NULL,704-15,Revenue,"[CADJ, CLH, ICR, INV, IV, JOE, JOV, OUPA, RCR, RDCS, RIN, RRD, XICR, XINV, XOIP, XOIR, XRCR, XRIN, YEND]",[]
424,4302,NULL,767,Revenue,"[B2BT, JOE, PMT, RCR, RIN, RRD, XRCR, XRIN, YEND]",[]
425,4302,NULL,921-06,Expense,[ES],[]
426,4303,NULL,767,Revenue,"[JOE, RCR, RIN, RRD, XRCR, XRIN, YEND]",[]
427,4303,NULL,921-06,Expense,"[ES, ICR, INV, XICR, XINV]",[]
428,4305,NULL,704-05,Revenue,"[CADJ, CLH, ICR, INV, IV, JOV, OUPA, RDCS, XICR, XINV, XOIP, XOIR]",[]
429,4308,NULL,704-08,Revenue,"[CADJ, CLH, ICR, INV, IV, JOV, OUPA, RDCS, XICR, XINV, XOIP, XOIR]",[]
430,4309,NULL,628-09,Expense,"[CADJ, CLH, IV, JOE, JOV, OUPA, RCR, RDCS, RIN, RRD, XOIP, XOIR, XRCR, XRIN, YEND]",[]
431,4309,NULL,704-11,Revenue,"[ICR, INV, XICR, XINV]",[]
432,4310,NULL,921-07,Expense,[ES],[]
433,4312,NULL,628-11,Expense,"[CADJ, CLH, IV, JOV, OUPA, RCR, RDCS, RIN, XOIP, XOIR, XRCR, XRIN]",[]
434,4312,NULL,704-11,Revenue,"[ICR, INV, XICR, XINV]",[]
435,4313,NULL,628-11,Expense,"[CADJ, CLH, IV, JOE, JOV, OUPA, RCR, RDCS, RIN, RRD, XOIP, XOIR, XRCR, XRIN, YEND]",[]
436,4313,NULL,704-11,Revenue,"[ICR, INV, XICR, XINV]",[]
437,4314,NULL,628-11,Expense,"[CADJ, CLH, IV, JOV, OUPA, RCR, RDCS, RIN, XOIP, XOIR, XRCR, XRIN]",[]
438,4314,NULL,704-11,Revenue,"[ICR, INV, XICR, XINV]",[]
439,4316,NULL,628-11,Expense,"[CADJ, CLH, IV, JOV, OUPA, RCR, RDCS, RIN, XOIP, XOIR, XRCR, XRIN]",[]
440,4316,NULL,704-11,Revenue,"[ICR, INV, XICR, XINV]",[]
441,4317,NULL,628-11,Expense,"[CADJ, CLH, IV, JOV, OUPA, RCR, RDCS, RIN, XOIP, XOIR, XRCR, XRIN]",[]
442,4317,NULL,704-11,Revenue,"[ICR, INV, XICR, XINV]",[]
443,4318,NULL,628-11,Expense,"[CADJ, CLH, IV, JOV, OUPA, RCR, RDCS, RIN, XOIP, XOIR, XRCR, XRIN]",[]
444,4318,NULL,704-11,Revenue,"[ICR, INV, XICR, XINV]",[]
445,4319,NULL,628-11,Expense,"[CADJ, CLH, IV, JOV, OUPA, RCR, RDCS, RIN, XOIP, XOIR, XRCR, XRIN]",[]
446,4319,NULL,704-11,Revenue,"[ICR, INV, XICR, XINV]",[]
447,4320,NULL,921-07,Expense,[ES],[]
448,4322,NULL,628-11,Expense,"[CADJ, CLH, IV, JOV, OUPA, RDCS, XOIP, XOIR]",[]
449,4322,NULL,704-11,Revenue,"[ICR, INV, XICR, XINV]",[]
450,4323,NULL,628-11,Expense,"[CADJ, CLH, IV, JOV, OUPA, RDCS, XOIP, XOIR]",[]
451,4323,NULL,704-11,Revenue,"[ICR, INV, XICR, XINV]",[]
452,4324,NULL,628-11,Expense,"[CADJ, CLH, IV, JOV, OUPA, RDCS, XOIP, XOIR]",[]
453,4324,NULL,704-11,Revenue,"[ICR, INV, XICR, XINV]",[]
454,4326,NULL,628-11,Expense,"[CADJ, CLH, IV, JOV, OUPA, RDCS, XOIP, XOIR]",[]
455,4326,NULL,704-11,Revenue,"[ICR, INV, XICR, XINV]",[]
456,4327,NULL,628-11,Expense,"[CADJ, CLH, IV, JOV, OUPA, RDCS, XOIP, XOIR]",[]
457,4327,NULL,704-11,Revenue,"[ICR, INV, XICR, XINV]",[]
458,4328,NULL,628-11,Expense,"[CADJ, CLH, IV, JOV, OUPA, RDCS, XOIP, XOIR]",[]
459,4328,NULL,704-11,Revenue,"[ICR, INV, XICR, XINV]",[]
460,4329,NULL,628-11,Expense,"[CADJ, CLH, IV, JOV, OUPA, RDCS, XOIP, XOIR]",[]
461,4329,NULL,704-11,Revenue,"[ICR, INV, XICR, XINV]",[]
462,4330,NULL,628-11,Expense,"[CADJ, CLH, IV, JOE, JOV, OUPA, RCR, RDCS, RIN, RRD, XOIP, XOIR, XRCR, XRIN, YEND]",[]
463,4330,NULL,921-07,Expense,[ES],[]
464,4331,NULL,628-11,Expense,"[CADJ, CLH, IV, JOV, OUPA, RDCS, XOIP, XOIR]",[]
465,4331,NULL,921-07,Expense,[ES],[]
466,4332,NULL,628-11,Expense,"[JOE, RCR, RIN, RRD, XRCR, XRIN, YEND]",[]
467,4333,NULL,628-11,Expense,"[CADJ, CLH, IV, JOE, JOV, OUPA, RCR, RDCS, RIN, RRD, XOIP, XOIR, XRCR, XRIN, YEND]",[]
468,4334,NULL,628-11,Expense,"[JOE, RCR, RIN, RRD, XRCR, XRIN, YEND]",[]
469,4335,NULL,628-11,Expense,"[JOE, RCR, RIN, RRD, XRCR, XRIN, YEND]",[]
470,4335,NULL,704-00,Revenue,[],[]
471,4335,NULL,921-07,Expense,[ES],[]
472,4336,NULL,628-11,Expense,"[JOE, RCR, RIN, RRD, XRCR, XRIN, YEND]",[]
473,4337,NULL,628-11,Expense,"[JOE, RCR, RIN, RRD, XRCR, XRIN, YEND]",[]
474,4338,NULL,628-11,Expense,"[CADJ, CLH, IV, JOE, JOV, OUPA, RCR, RDCS, RIN, RRD, XOIP, XOIR, XRCR, XRIN, YEND]",[]
475,4339,NULL,628-11,Expense,"[CADJ, CLH, IV, JOE, JOV, OUPA, RCR, RDCS, RIN, RRD, XOIP, XOIR, XRCR, XRIN, YEND]",[]
476,4340,NULL,628-120,Expense,"[CADJ, CLH, IV, JOE, JOV, OUPA, RDCS, RRD, XOIP, XOIR, YEND]",[]
477,4340,NULL,921-07,Expense,[ES],[]
478,4345,NULL,628-11,Expense,"[CADJ, CLH, IV, JOE, JOV, OUPA, RCR, RDCS, RIN, RRD, XOIP, XOIR, XRCR, XRIN, YEND]",[]
479,4345,NULL,921-07,Expense,[ES],[]
480,4346,NULL,921-07,Expense,[ES],[]
481,4355,NULL,628-02,Expense,"[CADJ, CLH, IV, JOE, JOV, OUPA, RCR, RDCS, RIN, RRD, XOIP, XOIR, XRCR, XRIN, YEND]",[]
482,4355,NULL,921-07,Expense,[ES],[]
483,4356,NULL,704-15,Revenue,"[CADJ, CLH, ICR, INV, IV, JOE, JOV, OUPA, RDCS, RRD, XICR, XINV, XOIP, XOIR, YEND]",[]
484,4356,NULL,921-07,Expense,[ES],[]
485,4358,NULL,628-05,Expense,"[JOE, RRD, YEND]",[]
486,4379,NULL,628-01,Expense,"[CADJ, CLH, IV, JOE, JOV, OUPA, RCR, RDCS, RIN, RRD, XOIP, XOIR, XRCR, XRIN, YEND]",[]
487,4379,NULL,704-01,Revenue,"[ICR, INV, XICR, XINV]",[]
488,4389,NULL,628-01,Expense,"[CADJ, CLH, IV, JOV, OUPA, RDCS, XOIP, XOIR]",[]
489,4389,NULL,704-01,Revenue,"[ICR, INV, XICR, XINV]",[]
490,4391,NULL,628-03,Expense,"[B2BT, CADJ, CLH, DEP, ES, ICR, INV, IV, JOE, JOV, OUPA, PMT, PRO, RCR, RDCS, RIN, RRD, XICR, XINV, XOIP, XOIR, XPMT, XRCR, XRIN, YEND]","[RIN/XRCR, RCR/XRIN, INV/XINV, ICR/XICR]"
491,4392,NULL,628-03,Expense,"[B2BT, CADJ, CLH, DEP, ES, ICR, INV, IV, JOE, JOV, OUPA, PMT, PRO, RCR, RDCS, RIN, RRD, XICR, XINV, XOIP, XOIR, XPMT, XRCR, XRIN, YEND]","[RIN/XRCR, RCR/XRIN, INV/XINV, ICR/XICR]"
492,4393,NULL,628-03,Expense,"[B2BT, CADJ, CLH, DEP, ES, ICR, INV, IV, JOE, JOV, OUPA, PMT, PRO, RCR, RDCS, RIN, RRD, XICR, XINV, XOIP, XOIR, XPMT, XRCR, XRIN, YEND]","[RIN/XRCR, RCR/XRIN, INV/XINV, ICR/XICR]"
493,4395,NULL,628-03,Expense,"[B2BT, CADJ, CLH, DEP, ES, ICR, INV, IV, JOE, JOV, OUPA, PMT, PRO, RCR, RDCS, RIN, RRD, XICR, XINV, XOIP, XOIR, XPMT, XRCR, XRIN, YEND]","[RIN/XRCR, RCR/XRIN, INV/XINV, ICR/XICR]"
494,4396,NULL,628-03,Expense,"[B2BT, CADJ, CLH, DEP, ES, ICR, INV, IV, JOE, JOV, OUPA, PMT, PRO, RCR, RDCS, RIN, RRD, XICR, XINV, XOIP, XOIR, XPMT, XRCR, XRIN, YEND]","[RIN/XRCR, RCR/XRIN, INV/XINV, ICR/XICR]"
495,4397,NULL,628-03,Expense,"[B2BT, CADJ, CLH, DEP, ES, ICR, INV, IV, JOE, JOV, OUPA, PMT, PRO, RCR, RDCS, RIN, RRD, XICR, XINV, XOIP, XOIR, XPMT, XRCR, XRIN, YEND]","[RIN/XRCR, RCR/XRIN, INV/XINV, ICR/XICR]"
496,4398,NULL,628-03,Expense,"[B2BT, CADJ, CLH, DEP, ES, ICR, INV, IV, JOE, JOV, OUPA, PMT, PRO, RCR, RDCS, RIN, RRD, XICR, XINV, XOIP, XOIR, XPMT, XRCR, XRIN, YEND]","[RIN/XRCR, RCR/XRIN, INV/XINV, ICR/XICR]"
497,4399,NULL,628-03,Expense,"[B2BT, CADJ, CLH, DEP, ES, ICR, INV, IV, JOE, JOV, OUPA, PMT, PRO, RCR, RDCS, RIN, RRD, XICR, XINV, XOIP, XOIR, XPMT, XRCR, XRIN, YEND]","[RIN/XRCR, RCR/XRIN, INV/XINV, ICR/XICR]"
498,4401,NULL,628-01,Expense,"[CADJ, CLH, IV, JOE, JOV, OUPA, RCR, RDCS, RIN, RRD, XOIP, XOIR, XRCR, XRIN, YEND]",[]
499,4401,NULL,704-01,Revenue,"[ICR, INV, XICR, XINV]",[]
500,4402,NULL,628-01,Expense,"[CADJ, CLH, IV, JOV, OUPA, RDCS, XOIP, XOIR]",[]
501,4402,NULL,704-01,Revenue,"[ICR, INV, XICR, XINV]",[]
502,4403,NULL,628-01,Expense,"[CADJ, CLH, IV, JOV, OUPA, RDCS, XOIP, XOIR]",[]
503,4403,NULL,704-01,Revenue,"[ICR, INV, XICR, XINV]",[]
504,4404,NULL,628-01,Expense,"[CADJ, CLH, IV, JOV, OUPA, RDCS, XOIP, XOIR]",[]
505,4404,NULL,704-01,Revenue,"[ICR, INV, XICR, XINV]",[]
506,4405,NULL,628-01,Expense,"[CADJ, CLH, IV, JOV, OUPA, RDCS, XOIP, XOIR]",[]
507,4405,NULL,704-01,Revenue,"[ICR, INV, XICR, XINV]",[]
508,4406,NULL,628-01,Expense,"[CADJ, CLH, IV, JOV, OUPA, RDCS, XOIP, XOIR]",[]
509,4406,NULL,704-01,Revenue,"[ICR, INV, XICR, XINV]",[]
510,4407,NULL,628-01,Expense,"[CADJ, CLH, IV, JOV, OUPA, RDCS, XOIP, XOIR]",[]
511,4407,NULL,704-01,Revenue,"[ICR, INV, XICR, XINV]",[]
512,4408,NULL,628-01,Expense,"[CADJ, CLH, IV, JOV, OUPA, RDCS, XOIP, XOIR]",[]
513,4408,NULL,704-01,Revenue,"[ICR, INV, XICR, XINV]",[]
514,4409,NULL,628-01,Expense,"[CADJ, CLH, IV, JOV, OUPA, RDCS, XOIP, XOIR]",[]
515,4409,NULL,704-01,Revenue,"[ICR, INV, XICR, XINV]",[]
516,4411,NULL,628-01,Expense,"[CADJ, CLH, IV, JOE, JOV, OUPA, RCR, RDCS, RIN, RRD, XOIP, XOIR, XRCR, XRIN, YEND]",[]
517,4412,NULL,628-01,Expense,"[JOE, RCR, RIN, RRD, XRCR, XRIN, YEND]",[]
518,4413,NULL,628-01,Expense,"[CADJ, CLH, IV, JOE, JOV, OUPA, RCR, RDCS, RIN, RRD, XOIP, XOIR, XRCR, XRIN, YEND]",[]
519,4414,NULL,628-01,Expense,"[JOE, RCR, RIN, RRD, XRCR, XRIN, YEND]",[]
520,4415,NULL,628-01,Expense,"[JOE, RCR, RIN, RRD, XRCR, XRIN, YEND]",[]
521,4416,NULL,628-01,Expense,"[CADJ, CLH, IV, JOE, JOV, OUPA, RCR, RDCS, RIN, RRD, XOIP, XOIR, XRCR, XRIN, YEND]",[]
522,4417,NULL,628-01,Expense,"[JOE, RCR, RIN, RRD, XRCR, XRIN, YEND]",[]
523,4418,NULL,628-01,Expense,"[CADJ, CLH, IV, JOE, JOV, OUPA, RCR, RDCS, RIN, RRD, XOIP, XOIR, XRCR, XRIN, YEND]",[]
524,4419,NULL,628-01,Expense,"[JOE, RCR, RIN, RRD, XRCR, XRIN, YEND]",[]
525,4421,NULL,628-02,Expense,"[CADJ, CLH, IV, JOE, JOV, OUPA, RCR, RDCS, RIN, RRD, XOIP, XOIR, XRCR, XRIN, YEND]",[]
526,4421,NULL,704-02,Revenue,"[ICR, INV, XICR, XINV]",[]
527,4422,NULL,628-02,Expense,"[CADJ, CLH, IV, JOV, OUPA, RDCS, XOIP, XOIR]",[]
528,4422,NULL,704-02,Revenue,"[ICR, INV, XICR, XINV]",[]
529,4423,NULL,628-02,Expense,"[CADJ, CLH, IV, JOV, OUPA, RDCS, XOIP, XOIR]",[]
530,4423,NULL,704-02,Revenue,"[ICR, INV, XICR, XINV]",[]
531,4424,NULL,628-02,Expense,"[CADJ, CLH, IV, JOV, OUPA, RDCS, XOIP, XOIR]",[]
532,4424,NULL,704-02,Revenue,"[ICR, INV, XICR, XINV]",[]
533,4425,NULL,628-02,Expense,"[CADJ, CLH, IV, JOV, OUPA, RDCS, XOIP, XOIR]",[]
534,4425,NULL,704-02,Revenue,"[ICR, INV, XICR, XINV]",[]
535,4426,NULL,628-02,Expense,"[CADJ, CLH, IV, JOV, OUPA, RDCS, XOIP, XOIR]",[]
536,4426,NULL,704-02,Revenue,"[ICR, INV, XICR, XINV]",[]
537,4427,NULL,628-02,Expense,"[CADJ, CLH, IV, JOV, OUPA, RDCS, XOIP, XOIR]",[]
538,4427,NULL,704-02,Revenue,"[ICR, INV, XICR, XINV]",[]
539,4428,NULL,628-02,Expense,"[CADJ, CLH, IV, JOV, OUPA, RDCS, XOIP, XOIR]",[]
540,4428,NULL,704-02,Revenue,"[ICR, INV, XICR, XINV]",[]
541,4429,NULL,628-02,Expense,"[CADJ, CLH, IV, JOE, JOV, OUPA, RDCS, RRD, XOIP, XOIR, YEND]",[]
542,4429,NULL,704-02,Revenue,"[ICR, INV, XICR, XINV]",[]
543,4430,NULL,628-01,Expense,"[CADJ, CLH, IV, JOV, OUPA, RDCS, XOIP, XOIR]",[]
544,4430,NULL,704-01,Revenue,"[ICR, INV, XICR, XINV]",[]
545,4431,NULL,628-02,Expense,"[CADJ, CLH, IV, JOE, JOV, OUPA, RCR, RDCS, RIN, RRD, XOIP, XOIR, XRCR, XRIN, YEND]",[]
546,4432,NULL,628-02,Expense,"[CADJ, CLH, IV, JOE, JOV, OUPA, RCR, RDCS, RIN, RRD, XOIP, XOIR, XRCR, XRIN, YEND]",[]
547,4433,NULL,628-02,Expense,"[CADJ, CLH, IV, JOE, JOV, OUPA, RCR, RDCS, RIN, RRD, XOIP, XOIR, XRCR, XRIN, YEND]",[]
548,4434,NULL,628-02,Expense,"[RCR, RIN, XRCR, XRIN]",[]
549,4435,NULL,628-02,Expense,"[CADJ, CLH, IV, JOE, JOV, OUPA, RCR, RDCS, RIN, RRD, XOIP, XOIR, XRCR, XRIN, YEND]",[]
550,4436,NULL,628-02,Expense,"[CADJ, CLH, IV, JOE, JOV, OUPA, RCR, RDCS, RIN, RRD, XOIP, XOIR, XRCR, XRIN, YEND]",[]
551,4437,NULL,628-02,Expense,"[CADJ, CLH, IV, JOE, JOV, OUPA, RCR, RDCS, RIN, RRD, XOIP, XOIR, XRCR, XRIN, YEND]",[]
552,4438,NULL,628-02,Expense,"[CADJ, CLH, IV, JOE, JOV, OUPA, RCR, RDCS, RIN, RRD, XOIP, XOIR, XRCR, XRIN, YEND]",[]
553,4439,NULL,628-02,Expense,"[CADJ, CLH, IV, JOE, JOV, OUPA, RCR, RDCS, RIN, RRD, XOIP, XOIR, XRCR, XRIN, YEND]",[]
554,4442,NULL,628-03,Expense,"[B2BT, CADJ, CLH, DEP, ES, ICR, INV, IV, JOE, JOV, OUPA, PMT, PRO, RCR, RDCS, RIN, RRD, XICR, XINV, XOIP, XOIR, XPMT, XRCR, XRIN, YEND]","[RIN/XRCR, RCR/XRIN, INV/XINV, ICR/XICR]"
555,4445,NULL,628-03,Expense,"[B2BT, CADJ, CLH, DEP, ES, ICR, INV, IV, JOE, JOV, OUPA, PMT, PRO, RCR, RDCS, RIN, RRD, XICR, XINV, XOIP, XOIR, XPMT, XRCR, XRIN, YEND]","[RIN/XRCR, RCR/XRIN, INV/XINV, ICR/XICR]"
556,4448,NULL,628-03,Expense,"[B2BT, CADJ, CLH, DEP, ES, ICR, INV, IV, JOE, JOV, OUPA, PMT, PRO, RCR, RDCS, RIN, RRD, XICR, XINV, XOIP, XOIR, XPMT, XRCR, XRIN, YEND]","[RIN/XRCR, RCR/XRIN, INV/XINV, ICR/XICR]"
557,4451,NULL,628-03,Expense,"[B2BT, CADJ, CLH, DEP, ES, ICR, INV, IV, JOE, JOV, OUPA, PMT, PRO, RCR, RDCS, RIN, RRD, XICR, XINV, XOIP, XOIR, XPMT, XRCR, XRIN, YEND]","[RIN/XRCR, RCR/XRIN, INV/XINV, ICR/XICR]"
558,4454,NULL,628-03,Expense,"[B2BT, CADJ, CLH, DEP, ES, ICR, INV, IV, JOE, JOV, OUPA, PMT, PRO, RCR, RDCS, RIN, RRD, XICR, XINV, XOIP, XOIR, XPMT, XRCR, XRIN, YEND]","[RIN/XRCR, RCR/XRIN, INV/XINV, ICR/XICR]"
559,4457,NULL,628-03,Expense,"[B2BT, CADJ, CLH, DEP, ES, ICR, INV, IV, JOE, JOV, OUPA, PMT, PRO, RCR, RDCS, RIN, RRD, XICR, XINV, XOIP, XOIR, XPMT, XRCR, XRIN, YEND]","[RIN/XRCR, RCR/XRIN, INV/XINV, ICR/XICR]"
560,4461,NULL,628-03,Expense,"[CADJ, CLH, IV, JOV, OUPA, RDCS, XOIP, XOIR]",[]
561,4461,NULL,704-03,Revenue,"[ICR, INV, XICR, XINV]",[]
562,4462,NULL,628-03,Expense,"[CADJ, CLH, IV, JOV, OUPA, RDCS, XOIP, XOIR]",[]
563,4462,NULL,704-03,Revenue,"[ICR, INV, XICR, XINV]",[]
564,4463,NULL,628-03,Expense,"[CADJ, CLH, IV, JOE, JOV, OUPA, RCR, RDCS, RIN, RRD, XOIP, XOIR, XRCR, XRIN, YEND]",[]
565,4463,NULL,704-03,Revenue,"[ICR, INV, XICR, XINV]",[]
566,4464,NULL,628-03,Expense,"[CADJ, CLH, IV, JOE, JOV, OUPA, RDCS, RRD, XOIP, XOIR, YEND]",[]
567,4464,NULL,704-03,Revenue,"[ICR, INV, XICR, XINV]",[]
568,4465,NULL,628-03,Expense,"[CADJ, CLH, IV, JOV, OUPA, RDCS, XOIP, XOIR]",[]
569,4465,NULL,704-03,Revenue,"[ICR, INV, XICR, XINV]",[]
570,4466,NULL,628-03,Expense,"[CADJ, CLH, IV, JOV, OUPA, RDCS, XOIP, XOIR]",[]
571,4466,NULL,704-03,Revenue,"[ICR, INV, XICR, XINV]",[]
572,4467,NULL,628-03,Expense,"[CADJ, CLH, IV, JOV, OUPA, RDCS, XOIP, XOIR]",[]
573,4467,NULL,704-03,Revenue,"[ICR, INV, XICR, XINV]",[]
574,4468,NULL,628-03,Expense,"[CADJ, CLH, IV, JOV, OUPA, RDCS, XOIP, XOIR]",[]
575,4468,NULL,704-03,Revenue,"[ICR, INV, XICR, XINV]",[]
576,4469,NULL,628-03,Expense,"[CADJ, CLH, IV, JOE, JOV, OUPA, RCR, RDCS, RIN, RRD, XOIP, XOIR, XRCR, XRIN, YEND]",[]
577,4469,NULL,704-03,Revenue,"[ICR, INV, XICR, XINV]",[]
578,4471,NULL,628-03,Expense,"[JOE, RCR, RIN, RRD, XRCR, XRIN, YEND]",[]
579,4472,NULL,628-03,Expense,"[JOE, RCR, RIN, RRD, XRCR, XRIN, YEND]",[]
580,4473,NULL,628-03,Expense,"[CADJ, CLH, IV, JOE, JOV, OUPA, RCR, RDCS, RIN, RRD, XOIP, XOIR, XRCR, XRIN, YEND]",[]
581,4474,NULL,628-03,Expense,"[CADJ, CLH, IV, JOE, JOV, OUPA, RCR, RDCS, RIN, RRD, XOIP, XOIR, XRCR, XRIN, YEND]",[]
582,4475,NULL,628-03,Expense,"[CADJ, CLH, IV, JOE, JOV, OUPA, RCR, RDCS, RIN, RRD, XOIP, XOIR, XRCR, XRIN, YEND]",[]
583,4476,NULL,628-03,Expense,"[JOE, RCR, RIN, RRD, XRCR, XRIN, YEND]",[]
584,4477,NULL,628-03,Expense,"[JOE, RCR, RIN, RRD, XRCR, XRIN, YEND]",[]
585,4478,NULL,628-03,Expense,"[CADJ, CLH, IV, JOE, JOV, OUPA, RCR, RDCS, RIN, RRD, XOIP, XOIR, XRCR, XRIN, YEND]",[]
586,4479,NULL,628-03,Expense,"[CADJ, CLH, IV, JOE, JOV, OUPA, RCR, RDCS, RIN, RRD, XOIP, XOIR, XRCR, XRIN, YEND]",[]
587,4481,NULL,628-02,Expense,"[CADJ, CLH, IV, JOE, JOV, OUPA, RDCS, RRD, XOIP, XOIR, YEND]",[]
588,4481,NULL,704-02,Revenue,"[ICR, INV, XICR, XINV]",[]
589,4490,NULL,628-03,Expense,"[B2BT, CADJ, CLH, DEP, ES, ICR, INV, IV, JOE, JOV, OUPA, PMT, PRO, RCR, RDCS, RIN, RRD, XICR, XINV, XOIP, XOIR, XPMT, XRCR, XRIN, YEND]","[RIN/XRCR, RCR/XRIN, INV/XINV, ICR/XICR]"
590,4491,NULL,628-02,Expense,"[B2BT, CADJ, CLH, IV, JOE, JOV, OUPA, PMT, RCR, RDCS, RIN, RRD, XOIP, XOIR, XPMT, XRCR, XRIN, YEND]",[]
591,4492,NULL,628-03,Expense,"[B2BT, CADJ, CLH, DEP, ES, ICR, INV, IV, JOE, JOV, OUPA, PMT, PRO, RCR, RDCS, RIN, RRD, XICR, XINV, XOIP, XOIR, XPMT, XRCR, XRIN, YEND]","[RIN/XRCR, RCR/XRIN, INV/XINV, ICR/XICR]"
592,4493,NULL,628-03,Expense,"[B2BT, CADJ, CLH, DEP, ES, ICR, INV, IV, JOE, JOV, OUPA, PMT, PRO, RCR, RDCS, RIN, RRD, XICR, XINV, XOIP, XOIR, XPMT, XRCR, XRIN, YEND]","[RIN/XRCR, RCR/XRIN, INV/XINV, ICR/XICR]"
593,4494,NULL,628-03,Expense,"[B2BT, CADJ, CLH, DEP, ES, ICR, INV, IV, JOE, JOV, OUPA, PMT, PRO, RCR, RDCS, RIN, RRD, XICR, XINV, XOIP, XOIR, XPMT, XRCR, XRIN, YEND]","[RIN/XRCR, RCR/XRIN, INV/XINV, ICR/XICR]"
594,4495,NULL,628-03,Expense,"[B2BT, CADJ, CLH, DEP, ES, ICR, INV, IV, JOE, JOV, OUPA, PMT, PRO, RCR, RDCS, RIN, RRD, XICR, XINV, XOIP, XOIR, XPMT, XRCR, XRIN, YEND]","[RIN/XRCR, RCR/XRIN, INV/XINV, ICR/XICR]"
595,4496,NULL,628-03,Expense,"[B2BT, CADJ, CLH, DEP, ES, ICR, INV, IV, JOE, JOV, OUPA, PMT, PRO, RCR, RDCS, RIN, RRD, XICR, XINV, XOIP, XOIR, XPMT, XRCR, XRIN, YEND]","[RIN/XRCR, RCR/XRIN, INV/XINV, ICR/XICR]"
596,4499,NULL,628-03,Expense,"[B2BT, CADJ, CLH, DEP, ES, ICR, INV, IV, JOE, JOV, OUPA, PMT, PRO, RCR, RDCS, RIN, RRD, XICR, XINV, XOIP, XOIR, XPMT, XRCR, XRIN, YEND]","[RIN/XRCR, RCR/XRIN, INV/XINV, ICR/XICR]"
597,4505,NULL,628-11,Expense,"[CADJ, CLH, IV, JOV, OUPA, RCR, RDCS, RIN, XOIP, XOIR, XRCR, XRIN]",[]
598,4505,NULL,704-11,Revenue,"[ICR, INV, XICR, XINV]",[]
599,4506,NULL,628-11,Expense,"[CADJ, CLH, IV, JOV, OUPA, RDCS, XOIP, XOIR]",[]
600,4506,NULL,704-11,Revenue,"[ICR, INV, XICR, XINV]",[]
601,4507,NULL,628-11,Expense,"[CADJ, CLH, IV, JOE, JOV, OUPA, RCR, RDCS, RIN, RRD, XOIP, XOIR, XRCR, XRIN, YEND]",[]
602,4531,NULL,628-05,Expense,"[B2BT, CADJ, CLH, DEP, ES, ICR, INV, IV, JOE, JOV, OUPA, PMT, PRO, RCR, RDCS, RIN, RRD, XICR, XINV, XOIP, XOIR, XPMT, XRCR, XRIN, YEND]","[RIN/XRCR, RCR/XRIN, INV/XINV, ICR/XICR]"
603,4532,NULL,628-01,Expense,"[B2BT, CADJ, CLH, DEP, ES, ICR, INV, IV, JOE, JOV, OUPA, PMT, PRO, RCR, RDCS, RIN, RRD, XICR, XINV, XOIP, XOIR, XPMT, XRCR, XRIN, YEND]","[RIN/XRCR, RCR/XRIN, INV/XINV, ICR/XICR]"
604,4533,NULL,628-03,Expense,"[B2BT, CADJ, CLH, DEP, ES, ICR, INV, IV, JOE, JOV, OUPA, PMT, PRO, RCR, RDCS, RIN, RRD, XICR, XINV, XOIP, XOIR, XPMT, XRCR, XRIN, YEND]","[RIN/XRCR, RCR/XRIN, INV/XINV, ICR/XICR]"
605,4534,NULL,628-02,Expense,"[B2BT, CADJ, CLH, DEP, ES, ICR, INV, IV, JOE, JOV, OUPA, PMT, PRO, RCR, RDCS, RIN, RRD, XICR, XINV, XOIP, XOIR, XPMT, XRCR, XRIN, YEND]","[RIN/XRCR, RCR/XRIN, INV/XINV, ICR/XICR]"
606,4538,NULL,628-11,Expense,"[B2BT, CADJ, CLH, DEP, ES, ICR, INV, IV, JOE, JOV, OUPA, PMT, PRO, RCR, RDCS, RIN, RRD, XICR, XINV, XOIP, XOIR, XPMT, XRCR, XRIN, YEND]","[RIN/XRCR, RCR/XRIN, INV/XINV, ICR/XICR]"
607,4539,NULL,628-15,Expense,"[B2BT, CADJ, CLH, DEP, ES, ICR, INV, IV, JOE, JOV, OUPA, PMT, PRO, RCR, RDCS, RIN, RRD, XICR, XINV, XOIP, XOIR, XPMT, XRCR, XRIN, YEND]","[RIN/XRCR, RCR/XRIN, INV/XINV, ICR/XICR]"
608,4541,NULL,628-01,Expense,"[B2BT, CADJ, CLH, DEP, ES, ICR, INV, IV, JOE, JOV, OUPA, PMT, PRO, RCR, RDCS, RIN, RRD, XICR, XINV, XOIP, XOIR, XPMT, XRCR, XRIN, YEND]","[RIN/XRCR, RCR/XRIN, INV/XINV, ICR/XICR]"
609,4542,NULL,628-02,Expense,"[B2BT, CADJ, CLH, DEP, ES, ICR, INV, IV, JOE, JOV, OUPA, PMT, PRO, RCR, RDCS, RIN, RRD, XICR, XINV, XOIP, XOIR, XPMT, XRCR, XRIN, YEND]","[RIN/XRCR, RCR/XRIN, INV/XINV, ICR/XICR]"
610,4543,NULL,628-02,Expense,"[B2BT, CADJ, CLH, DEP, ES, ICR, INV, IV, JOE, JOV, OUPA, PMT, PRO, RCR, RDCS, RIN, RRD, XICR, XINV, XOIP, XOIR, XPMT, XRCR, XRIN, YEND]","[RIN/XRCR, RCR/XRIN, INV/XINV, ICR/XICR]"
611,4544,NULL,628-50,Expense,"[B2BT, CADJ, CLH, DEP, ES, ICR, INV, IV, JOE, JOV, OUPA, PMT, PRO, RCR, RDCS, RIN, RRD, XICR, XINV, XOIP, XOIR, XPMT, XRCR, XRIN, YEND]","[RIN/XRCR, RCR/XRIN, INV/XINV, ICR/XICR]"
612,4548,NULL,628-02,Expense,"[B2BT, CADJ, CLH, DEP, ES, ICR, INV, IV, JOE, JOV, OUPA, PMT, PRO, RCR, RDCS, RIN, RRD, XICR, XINV, XOIP, XOIR, XPMT, XRCR, XRIN, YEND]","[RIN/XRCR, RCR/XRIN, INV/XINV, ICR/XICR]"
613,4550,NULL,704-06,Revenue,"[ICR, INV, XICR, XINV]",[]
614,4551,NULL,704-06,Revenue,"[ICR, INV, XICR, XINV]",[]
615,4552,NULL,704-06,Revenue,"[ICR, INV, XICR, XINV]",[]
616,4553,NULL,704-06,Revenue,"[ICR, INV, XICR, XINV]",[]
617,4554,NULL,704-06,Revenue,"[ICR, INV, XICR, XINV]",[]
618,4555,NULL,704-06,Revenue,"[ICR, INV, XICR, XINV]",[]
619,4556,NULL,704-06,Revenue,"[ICR, INV, XICR, XINV]",[]
620,4557,NULL,704-06,Revenue,"[ICR, INV, XICR, XINV]",[]
621,4558,NULL,704-06,Revenue,"[ICR, INV, XICR, XINV]",[]
622,4559,NULL,704-06,Revenue,"[ICR, INV, XICR, XINV]",[]
623,4560,NULL,704-06,Revenue,"[ICR, INV, XICR, XINV]",[]
624,4561,NULL,704-06,Revenue,"[ICR, INV, XICR, XINV]",[]
625,4562,NULL,704-06,Revenue,"[ICR, INV, XICR, XINV]",[]
626,4563,NULL,704-06,Revenue,"[ICR, INV, XICR, XINV]",[]
627,4564,NULL,704-06,Revenue,"[ICR, INV, XICR, XINV]",[]
628,4565,NULL,704-06,Revenue,"[ICR, INV, XICR, XINV]",[]
629,4566,NULL,704-06,Revenue,"[ICR, INV, XICR, XINV]",[]
630,4567,NULL,704-06,Revenue,"[ICR, INV, XICR, XINV]",[]
631,4568,NULL,704-06,Revenue,"[ICR, INV, XICR, XINV]",[]
632,4569,NULL,704-06,Revenue,"[ICR, INV, XICR, XINV]",[]
633,4570,NULL,704-06,Revenue,"[ICR, INV, XICR, XINV]",[]
634,4571,NULL,704-06,Revenue,"[ICR, INV, XICR, XINV]",[]
635,4572,NULL,704-06,Revenue,"[ICR, INV, XICR, XINV]",[]
636,4573,NULL,704-06,Revenue,"[ICR, INV, XICR, XINV]",[]
637,4574,NULL,704-06,Revenue,"[ICR, INV, XICR, XINV]",[]
638,4575,NULL,704-06,Revenue,"[ICR, INV, XICR, XINV]",[]
639,4576,NULL,704-06,Revenue,"[ICR, INV, XICR, XINV]",[]
640,4577,NULL,704-06,Revenue,"[ICR, INV, XICR, XINV]",[]
641,4578,NULL,704-06,Revenue,"[ICR, INV, XICR, XINV]",[]
642,4579,NULL,704-06,Revenue,"[ICR, INV, XICR, XINV]",[]
643,4580,NULL,704-06,Revenue,"[ICR, INV, XICR, XINV]",[]
644,4581,NULL,704-06,Revenue,"[ICR, INV, XICR, XINV]",[]
645,4582,NULL,704-06,Revenue,"[ICR, INV, XICR, XINV]",[]
646,4583,NULL,704-06,Revenue,"[ICR, INV, XICR, XINV]",[]
647,4584,NULL,704-06,Revenue,"[ICR, INV, XICR, XINV]",[]
648,4585,NULL,704-06,Revenue,"[ICR, INV, XICR, XINV]",[]
649,4586,NULL,704-06,Revenue,"[ICR, INV, XICR, XINV]",[]
650,4587,NULL,704-06,Revenue,"[ICR, INV, XICR, XINV]",[]
651,4588,NULL,704-06,Revenue,"[ICR, INV, XICR, XINV]",[]
652,4589,NULL,704-06,Revenue,"[ICR, INV, XICR, XINV]",[]
653,4602,NULL,766,Revenue,"[B2BT, CADJ, CLH, DEP, IV, JOE, JOV, OUPA, PMT, RDCS, RRD, XOIP, XOIR, XPMT, YEND]",[]
654,4610,NULL,7588,Revenue,"[B2BT, CADJ, CLH, DEP, IV, JOE, JOV, OUPA, PMT, RDCS, RRD, XOIP, XOIR, YEND]",[]
655,4611,NULL,765,Revenue,"[B2BT, CADJ, CLH, DEP, IV, JOE, JOV, OUPA, PMT, RDCS, RRD, XOIP, XOIR, YEND]",[]
656,4612,NULL,665,Expense,"[B2BT, CADJ, CLH, DEP, IV, JOE, JOV, OUPA, PMT, RDCS, RRD, XOIP, XOIR, YEND]",[]
657,4632,NULL,628-01,Expense,"[CADJ, CLH, IV, JOV, OUPA, RDCS, XOIP, XOIR]",[]
658,4632,NULL,704-01,Revenue,"[ICR, INV, XICR, XINV]",[]
659,4633,NULL,628-01,Expense,"[CADJ, CLH, IV, JOE, JOV, OUPA, RCR, RDCS, RIN, RRD, XOIP, XOIR, XRCR, XRIN, YEND]",[]
660,4633,NULL,704-01,Revenue,"[ICR, INV, XICR, XINV]",[]
661,4635,NULL,628-01,Expense,"[CADJ, CLH, IV, JOV, OUPA, RDCS, XOIP, XOIR]",[]
662,4635,NULL,704-01,Revenue,"[ICR, INV, XICR, XINV]",[]
663,4636,NULL,628-01,Expense,"[CADJ, CLH, IV, JOV, OUPA, RDCS, XOIP, XOIR]",[]
664,4636,NULL,704-01,Revenue,"[ICR, INV, XICR, XINV]",[]
665,4637,NULL,628-01,Expense,"[CADJ, CLH, IV, JOV, OUPA, RDCS, RIN, XOIP, XOIR, XRCR]",[]
666,4637,NULL,704-01,Revenue,"[ICR, INV, XICR, XINV]",[]
667,4642,NULL,628-01,Expense,"[CADJ, CLH, IV, JOV, OUPA, RDCS, XOIP, XOIR]",[]
668,4642,NULL,704-01,Revenue,"[ICR, INV, XICR, XINV]",[]
669,4643,NULL,628-01,Expense,"[CADJ, CLH, IV, JOV, OUPA, RDCS, XOIP, XOIR]",[]
670,4643,NULL,704-01,Revenue,"[ICR, INV, XICR, XINV]",[]
671,4645,NULL,628-01,Expense,"[CADJ, CLH, IV, JOV, OUPA, RDCS, XOIP, XOIR]",[]
672,4645,NULL,704-01,Revenue,"[ICR, INV, XICR, XINV]",[]
673,4646,NULL,628-01,Expense,"[CADJ, CLH, IV, JOV, OUPA, RDCS, XOIP, XOIR]",[]
674,4646,NULL,704-01,Revenue,"[ICR, INV, XICR, XINV]",[]
675,4647,NULL,628-01,Expense,"[CADJ, CLH, IV, JOV, OUPA, RDCS, XOIP, XOIR]",[]
676,4647,NULL,704-01,Revenue,"[ICR, INV, XICR, XINV]",[]
677,4650,NULL,7583,Revenue,"[ICR, INV, JOE, RRD, XICR, XINV, YEND]",[]
678,4652,NULL,628-01,Expense,"[CADJ, CLH, IV, JOE, JOV, OUPA, RCR, RDCS, RIN, RRD, XOIP, XOIR, XRCR, XRIN, YEND]",[]
679,4653,NULL,628-01,Expense,"[CADJ, CLH, IV, JOE, JOV, OUPA, RCR, RDCS, RIN, RRD, XOIP, XOIR, XRCR, XRIN, YEND]",[]
680,4655,NULL,628-01,Expense,"[CADJ, CLH, IV, JOE, JOV, OUPA, RCR, RDCS, RIN, RRD, XOIP, XOIR, XRCR, XRIN, YEND]",[]
681,4657,NULL,628-01,Expense,"[CADJ, CLH, IV, JOE, JOV, OUPA, RCR, RDCS, RIN, RRD, XOIP, XOIR, XRCR, XRIN, YEND]",[]
682,4663,NULL,708,Revenue,"[ICR, INV, XICR, XINV]",[]
683,4664,NULL,6581-01,Expense,"[CADJ, CLH, IV, JOE, JOV, OUPA, RCR, RDCS, RIN, RRD, XOIP, XOIR, XRCR, XRIN, YEND]",[]
684,4670,NULL,628-20,Expense,"[JOE, RRD, YEND]",[]
685,4671,NULL,628-20,Expense,"[CADJ, CLH, IV, JOE, JOV, OUPA, RCR, RDCS, RIN, RRD, XOIP, XOIR, XRCR, XRIN, YEND]",[]
686,4671,NULL,704-20,Revenue,"[ICR, INV, XICR, XINV]",[]
687,4675,NULL,612-1,Expense,"[CADJ, CLH, IV, JOE, JOV, OUPA, RCR, RDCS, RIN, RRD, XOIP, XOIR, XRCR, XRIN, YEND]",[]
688,4677,NULL,6588-01,Expense,"[CADJ, CLH, IV, JOE, JOV, OUPA, RCR, RDCS, RIN, RRD, XOIP, XOIR, XRCR, XRIN, YEND]",[]
689,4678,NULL,617,Expense,"[CADJ, CLH, IV, JOV, OUPA, RCR, RDCS, RIN, XOIP, XOIR, XRCR, XRIN]",[]
690,4678,NULL,704-20,Revenue,"[ICR, INV, XICR, XINV]",[]
691,4690,NULL,765,Revenue,"[B2BT, CADJ, CLH, DEP, IV, JOE, JOV, OUPA, PMT, RCR, RDCS, RIN, RRD, XOIP, XOIR, XPMT, XRCR, XRIN, YEND]",[]
692,4691,NULL,665,Expense,"[B2BT, CADJ, CLH, DEP, IV, JOE, JOV, OUPA, PMT, RCR, RDCS, RIN, RRD, XOIP, XOIR, XPMT, XRCR, XRIN, YEND]",[]
693,4691,NULL,921-02,Expense,[ES],[]
694,4692,NULL,765-01,Revenue,"[B2BT, CADJ, CLH, DEP, IV, JOV, OUPA, PMT, RDCS, XOIP, XOIR, XPMT]",[]
695,4693,NULL,765-01,Revenue,"[B2BT, CADJ, CLH, DEP, IV, JOV, OUPA, PMT, RDCS, XOIP, XOIR, XPMT]",[]
696,4694,NULL,665,Expense,"[CADJ, CLH, IV, JOE, JOV, OUPA, RDCS, RRD, XOIP, XOIR, YEND]",[]
697,4695,NULL,765,Revenue,"[B2BT, CADJ, CLH, DEP, IV, JOE, JOV, OUPA, PMT, RDCS, RRD, XOIP, XOIR, YEND]",[]
698,4696,NULL,665,Expense,"[B2BT, CADJ, CLH, DEP, IV, JOE, JOV, OUPA, PMT, RDCS, RRD, XOIP, XOIR, YEND]",[]
699,4700,NULL,665,Expense,"[B2BT, CADJ, CLH, DEP, IV, JOV, OUPA, PMT, RDCS, XOIP, XOIR]",[]
700,4701,NULL,628-05,Expense,"[CADJ, CLH, IV, JOE, JOV, OUPA, RDCS, RRD, XOIP, XOIR, YEND]",[]
701,4701,NULL,704-05,Revenue,"[ICR, INV, XICR, XINV]",[]
702,4702,NULL,628-05,Expense,"[CADJ, CLH, IV, JOV, OUPA, RDCS, XOIP, XOIR]",[]
703,4702,NULL,704-05,Revenue,"[ICR, INV, XICR, XINV]",[]
704,4703,NULL,628-05,Expense,"[CADJ, CLH, IV, JOV, OUPA, RDCS, XOIP, XOIR]",[]
705,4703,NULL,704-05,Revenue,"[ICR, INV, XICR, XINV]",[]
706,4704,NULL,628-05,Expense,"[CADJ, CLH, IV, JOV, OUPA, RDCS, XOIP, XOIR]",[]
707,4704,NULL,704-05,Revenue,"[ICR, INV, XICR, XINV]",[]
708,4705,NULL,628-05,Expense,"[CADJ, CLH, IV, JOV, OUPA, RDCS, XOIP, XOIR]",[]
709,4705,NULL,704-05,Revenue,"[ICR, INV, XICR, XINV]",[]
710,4706,NULL,628-05,Expense,"[CADJ, CLH, IV, JOV, OUPA, RDCS, XOIP, XOIR]",[]
711,4706,NULL,704-05,Revenue,"[ICR, INV, XICR, XINV]",[]
712,4707,NULL,704-05,Revenue,"[ICR, INV, XICR, XINV]",[]
713,4708,NULL,628-05,Expense,"[CADJ, CLH, IV, JOV, OUPA, RDCS, XOIP, XOIR]",[]
714,4708,NULL,704-05,Revenue,"[ICR, INV, XICR, XINV]",[]
715,4709,NULL,628-05,Expense,"[CADJ, CLH, IV, JOV, OUPA, RDCS, XOIP, XOIR]",[]
716,4709,NULL,704-05,Revenue,"[ICR, INV, XICR, XINV]",[]
717,4711,NULL,628-05,Expense,"[CADJ, CLH, IV, JOE, JOV, OUPA, RCR, RDCS, RIN, RRD, XOIP, XOIR, XRCR, XRIN, YEND]",[]
718,4712,NULL,628-05,Expense,"[CADJ, CLH, IV, JOE, JOV, OUPA, RCR, RDCS, RIN, RRD, XOIP, XOIR, XRCR, XRIN, YEND]",[]
719,4712,NULL,921-02,Expense,[ES],[]
720,4713,NULL,628-05,Expense,"[CADJ, CLH, IV, JOE, JOV, OUPA, RCR, RDCS, RIN, RRD, XOIP, XOIR, XRCR, XRIN, YEND]",[]
721,4714,NULL,628-05,Expense,"[JOE, RCR, RIN, RRD, XRCR, XRIN, YEND]",[]
722,4715,NULL,628-05,Expense,"[JOE, RCR, RIN, RRD, XRCR, XRIN, YEND]",[]
723,4716,NULL,628-05,Expense,"[JOE, RCR, RIN, RRD, XRCR, XRIN, YEND]",[]
724,4717,NULL,628-05,Expense,"[JOE, RCR, RIN, RRD, XRCR, XRIN, YEND]",[]
725,4718,NULL,628-05,Expense,"[JOE, RCR, RIN, RRD, XRCR, XRIN, YEND]",[]
726,4719,NULL,628-05,Expense,"[CADJ, CLH, IV, JOE, JOV, OUPA, RCR, RDCS, RIN, RRD, XOIP, XOIR, XRCR, XRIN, YEND]",[]
727,4720,NULL,628-15,Expense,"[CADJ, CLH, IV, JOE, JOV, OUPA, RCR, RDCS, RIN, RRD, XOIP, XOIR, XRCR, XRIN, YEND]",[]
728,4720,NULL,704-15,Revenue,"[ICR, INV, XICR, XINV]",[]
729,4721,NULL,628-15,Expense,"[CADJ, CLH, IV, JOV, OUPA, RCR, RDCS, RIN, XOIP, XOIR, XRCR, XRIN]",[]
730,4721,NULL,704-15,Revenue,"[ICR, INV, XICR, XINV]",[]
731,4722,NULL,628-15,Expense,"[CADJ, CLH, IV, JOV, OUPA, RCR, RDCS, RIN, XOIP, XOIR, XRCR, XRIN]",[]
732,4722,NULL,704-15,Revenue,"[ICR, INV, XICR, XINV]",[]
733,4723,NULL,628-15,Expense,"[CADJ, CLH, IV, JOE, JOV, OUPA, RCR, RDCS, RIN, RRD, XOIP, XOIR, XRCR, XRIN, YEND]",[]
734,4723,NULL,704-15,Revenue,"[ICR, INV, XICR, XINV]",[]
735,4724,NULL,628-15,Expense,"[RCR, RIN, XRCR, XRIN]",[]
736,4724,NULL,704-15,Revenue,"[ICR, INV, XICR, XINV]",[]
737,4725,NULL,628-15,Expense,"[CADJ, CLH, IV, JOV, OUPA, RCR, RDCS, RIN, XOIP, XOIR, XRCR, XRIN]",[]
738,4725,NULL,704-15,Revenue,"[ICR, INV, XICR, XINV]",[]
739,4726,NULL,628-15,Expense,"[CADJ, CLH, IV, JOV, OUPA, RCR, RDCS, RIN, XOIP, XOIR, XRCR, XRIN]",[]
740,4726,NULL,704-15,Revenue,"[ICR, INV, XICR, XINV]",[]
741,4727,NULL,628-15,Expense,"[CADJ, CLH, IV, JOV, OUPA, RCR, RDCS, RIN, XOIP, XOIR, XRCR, XRIN]",[]
742,4727,NULL,704-15,Revenue,"[ICR, INV, XICR, XINV]",[]
743,4728,NULL,628-15,Expense,"[CADJ, CLH, IV, JOV, OUPA, RCR, RDCS, RIN, XOIP, XOIR, XRCR, XRIN]",[]
744,4728,NULL,704-15,Revenue,"[ICR, INV, XICR, XINV]",[]
745,4729,NULL,628-15,Expense,"[CADJ, CLH, IV, JOV, OUPA, RCR, RDCS, RIN, XOIP, XOIR, XRCR, XRIN]",[]
746,4729,NULL,704-15,Revenue,"[ICR, INV, XICR, XINV]",[]
747,4731,NULL,628-15,Expense,"[CADJ, CLH, IV, JOV, OUPA, RDCS, XOIP, XOIR]",[]
748,4731,NULL,704-15,Revenue,"[ICR, INV, XICR, XINV]",[]
749,4732,NULL,628-15,Expense,"[CADJ, CLH, IV, JOV, OUPA, RDCS, XOIP, XOIR]",[]
750,4732,NULL,704-15,Revenue,"[ICR, INV, XICR, XINV]",[]
751,4733,NULL,628-15,Expense,"[CADJ, CLH, IV, JOV, OUPA, RDCS, XOIP, XOIR]",[]
752,4733,NULL,704-15,Revenue,"[ICR, INV, XICR, XINV]",[]
753,4734,NULL,628-15,Expense,"[CADJ, CLH, IV, JOV, OUPA, RDCS, XOIP, XOIR]",[]
754,4734,NULL,704-15,Revenue,"[ICR, INV, XICR, XINV]",[]
755,4735,NULL,628-15,Expense,"[CADJ, CLH, IV, JOV, OUPA, RDCS, XOIP, XOIR]",[]
756,4735,NULL,704-15,Revenue,"[ICR, INV, XICR, XINV]",[]
757,4736,NULL,628-15,Expense,"[CADJ, CLH, IV, JOV, OUPA, RDCS, XOIP, XOIR]",[]
758,4736,NULL,704-15,Revenue,"[ICR, INV, XICR, XINV]",[]
759,4737,NULL,628-15,Expense,"[CADJ, CLH, IV, JOV, OUPA, RDCS, XOIP, XOIR]",[]
760,4737,NULL,704-15,Revenue,"[ICR, INV, XICR, XINV]",[]
761,4738,NULL,628-15,Expense,"[CADJ, CLH, IV, JOV, OUPA, RDCS, XOIP, XOIR]",[]
762,4738,NULL,704-15,Revenue,"[ICR, INV, XICR, XINV]",[]
763,4739,NULL,628-15,Expense,"[CADJ, CLH, IV, JOV, OUPA, RDCS, XOIP, XOIR]",[]
764,4739,NULL,704-15,Revenue,"[ICR, INV, XICR, XINV]",[]
765,4741,NULL,628-15,Expense,"[JOE, RCR, RIN, RRD, XRCR, XRIN, YEND]",[]
766,4742,NULL,628-15,Expense,"[JOE, RCR, RIN, RRD, XRCR, XRIN, YEND]",[]
767,4743,NULL,628-15,Expense,"[CADJ, CLH, IV, JOE, JOV, OUPA, RCR, RDCS, RIN, RRD, XOIP, XOIR, XRCR, XRIN, YEND]",[]
768,4744,NULL,628-15,Expense,"[CADJ, CLH, IV, JOE, JOV, OUPA, RCR, RDCS, RIN, RRD, XOIP, XOIR, XRCR, XRIN, YEND]",[]
769,4745,NULL,628-15,Expense,"[CADJ, CLH, IV, JOE, JOV, OUPA, RCR, RDCS, RIN, RRD, XOIP, XOIR, XRCR, XRIN, YEND]",[]
770,4746,NULL,628-15,Expense,"[JOE, RCR, RIN, RRD, XRCR, XRIN, YEND]",[]
771,4747,NULL,628-15,Expense,"[JOE, RCR, RIN, RRD, XRCR, XRIN, YEND]",[]
772,4748,NULL,628-15,Expense,"[CADJ, CLH, IV, JOE, JOV, OUPA, RCR, RDCS, RIN, RRD, XOIP, XOIR, XRCR, XRIN, YEND]",[]
773,4749,NULL,628-15,Expense,"[CADJ, CLH, IV, JOE, JOV, OUPA, RCR, RDCS, RIN, RRD, XOIP, XOIR, XRCR, XRIN, YEND]",[]
774,4751,NULL,628-50,Expense,"[CADJ, CLH, IV, JOV, OUPA, RDCS, XOIP, XOIR]",[]
775,4751,NULL,704-50,Revenue,"[ICR, INV, XICR, XINV]",[]
776,4752,NULL,628-50,Expense,"[CADJ, CLH, IV, JOV, OUPA, RDCS, XOIP, XOIR]",[]
777,4752,NULL,704-50,Revenue,"[ICR, INV, XICR, XINV]",[]
778,4753,NULL,628-50,Expense,"[CADJ, CLH, IV, JOV, OUPA, RDCS, XOIP, XOIR]",[]
779,4753,NULL,704-50,Revenue,"[ICR, INV, XICR, XINV]",[]
780,4754,NULL,628-50,Expense,"[CADJ, CLH, IV, JOV, OUPA, RDCS, XOIP, XOIR]",[]
781,4754,NULL,704-50,Revenue,"[ICR, INV, XICR, XINV]",[]
782,4755,NULL,628-50,Expense,"[CADJ, CLH, IV, JOV, OUPA, RDCS, XOIP, XOIR]",[]
783,4755,NULL,704-50,Revenue,"[ICR, INV, XICR, XINV]",[]
784,4756,NULL,704-50,Revenue,"[ICR, INV, XICR, XINV]",[]
785,4757,NULL,628-50,Expense,"[CADJ, CLH, IV, JOV, OUPA, RDCS, XOIP, XOIR]",[]
786,4757,NULL,704-50,Revenue,"[ICR, INV, JOE, RRD, XICR, XINV, YEND]",[]
787,4758,NULL,628-50,Expense,"[CADJ, CLH, IV, JOV, OUPA, RDCS, XOIP, XOIR]",[]
788,4758,NULL,704-50,Revenue,"[ICR, INV, XICR, XINV]",[]
789,4759,NULL,628-50,Expense,"[CADJ, CLH, IV, JOV, OUPA, RDCS, XOIP, XOIR]",[]
790,4759,NULL,704-50,Revenue,"[ICR, INV, XICR, XINV]",[]
791,4761,NULL,628-50,Expense,"[CADJ, CLH, IV, JOE, JOV, OUPA, RCR, RDCS, RIN, RRD, XOIP, XOIR, XRCR, XRIN, YEND]",[]
792,4762,NULL,628-50,Expense,"[CADJ, CLH, IV, JOE, JOV, OUPA, RCR, RDCS, RIN, RRD, XOIP, XOIR, XRCR, XRIN, YEND]",[]
793,4763,NULL,628-50,Expense,"[CADJ, CLH, IV, JOE, JOV, OUPA, RCR, RDCS, RIN, RRD, XOIP, XOIR, XRCR, XRIN, YEND]",[]
794,4764,NULL,628-50,Expense,"[JOE, RCR, RIN, RRD, XRCR, XRIN, YEND]",[]
795,4765,NULL,628-50,Expense,"[JOE, RCR, RIN, RRD, XRCR, XRIN, YEND]",[]
796,4766,NULL,628-50,Expense,"[JOE, RCR, RIN, RRD, XRCR, XRIN, YEND]",[]
797,4767,NULL,628-50,Expense,"[JOE, RCR, RIN, RRD, XRCR, XRIN, YEND]",[]
798,4768,NULL,628-50,Expense,"[JOE, RCR, RIN, RRD, XRCR, XRIN, YEND]",[]
799,4769,NULL,628-50,Expense,"[JOE, RCR, RIN, RRD, XRCR, XRIN, YEND]",[]
800,4781,NULL,628-03,Expense,"[B2BT, CADJ, CLH, DEP, ES, ICR, INV, IV, JOE, JOV, OUPA, PMT, PRO, RCR, RDCS, RIN, RRD, XICR, XINV, XOIP, XOIR, XPMT, XRCR, XRIN, YEND]","[RIN/XRCR, RCR/XRIN, INV/XINV, ICR/XICR]"
801,4782,NULL,628-03,Expense,"[B2BT, CADJ, CLH, DEP, ES, ICR, INV, IV, JOE, JOV, OUPA, PMT, PRO, RCR, RDCS, RIN, RRD, XICR, XINV, XOIP, XOIR, XPMT, XRCR, XRIN, YEND]","[RIN/XRCR, RCR/XRIN, INV/XINV, ICR/XICR]"
802,4783,NULL,628-03,Expense,"[B2BT, CADJ, CLH, DEP, ES, ICR, INV, IV, JOE, JOV, OUPA, PMT, PRO, RCR, RDCS, RIN, RRD, XICR, XINV, XOIP, XOIR, XPMT, XRCR, XRIN, YEND]","[RIN/XRCR, RCR/XRIN, INV/XINV, ICR/XICR]"
803,4784,NULL,628-03,Expense,"[B2BT, CADJ, CLH, DEP, ES, ICR, INV, IV, JOE, JOV, OUPA, PMT, PRO, RCR, RDCS, RIN, RRD, XICR, XINV, XOIP, XOIR, XPMT, XRCR, XRIN, YEND]","[RIN/XRCR, RCR/XRIN, INV/XINV, ICR/XICR]"
804,4785,NULL,628-03,Expense,"[B2BT, CADJ, CLH, DEP, ES, ICR, INV, IV, JOE, JOV, OUPA, PMT, PRO, RCR, RDCS, RIN, RRD, XICR, XINV, XOIP, XOIR, XPMT, XRCR, XRIN, YEND]","[RIN/XRCR, RCR/XRIN, INV/XINV, ICR/XICR]"
805,4786,NULL,628-03,Expense,"[B2BT, CADJ, CLH, DEP, ES, ICR, INV, IV, JOE, JOV, OUPA, PMT, PRO, RCR, RDCS, RIN, RRD, XICR, XINV, XOIP, XOIR, XPMT, XRCR, XRIN, YEND]","[RIN/XRCR, RCR/XRIN, INV/XINV, ICR/XICR]"
806,4787,NULL,628-03,Expense,"[B2BT, CADJ, CLH, DEP, ES, ICR, INV, IV, JOE, JOV, OUPA, PMT, PRO, RCR, RDCS, RIN, RRD, XICR, XINV, XOIP, XOIR, XPMT, XRCR, XRIN, YEND]","[RIN/XRCR, RCR/XRIN, INV/XINV, ICR/XICR]"
807,4789,NULL,628-03,Expense,"[B2BT, CADJ, CLH, DEP, ES, ICR, INV, IV, JOE, JOV, OUPA, PMT, PRO, RCR, RDCS, RIN, RRD, XICR, XINV, XOIP, XOIR, XPMT, XRCR, XRIN, YEND]","[RIN/XRCR, RCR/XRIN, INV/XINV, ICR/XICR]"
808,4790,NULL,628-520,Expense,"[CADJ, CLH, IV, JOE, JOV, OUPA, RCR, RDCS, RIN, RRD, XOIP, XOIR, XRCR, XRIN, YEND]",[]
809,4791,NULL,628-520,Expense,"[JOE, RCR, RIN, RRD, XRCR, XRIN, YEND]",[]
810,4792,NULL,628-520,Expense,"[JOE, RCR, RIN, RRD, XRCR, XRIN, YEND]",[]
811,4793,NULL,628-520,Expense,"[JOE, RCR, RIN, RRD, XRCR, XRIN, YEND]",[]
812,4793,NULL,704-520,Revenue,[],[]
813,4794,NULL,628-520,Expense,"[RCR, RIN, XRCR, XRIN]",[]
814,4795,NULL,628-520,Expense,"[RCR, RIN, XRCR, XRIN]",[]
815,4796,NULL,628-520,Expense,"[RCR, RIN, XRCR, XRIN]",[]
816,4797,NULL,628-520,Expense,"[RCR, RIN, XRCR, XRIN]",[]
817,4798,NULL,628-520,Expense,"[RCR, RIN, XRCR, XRIN]",[]
818,4799,NULL,628-520,Expense,"[RCR, RIN, XRCR, XRIN]",[]
819,4802,NULL,767,Revenue,"[CADJ, CLH, IV, JOE, JOV, OUPA, RCR, RDCS, RIN, RRD, XOIP, XOIR, XRCR, XRIN, YEND]",[]
820,4810,NULL,921-01,Expense,[ES],[]
821,4816,NULL,628-03,Expense,"[CADJ, CLH, IV, JOV, OUPA, RDCS, XOIP, XOIR]",[]
822,4816,NULL,704-03,Revenue,"[ICR, INV, XICR, XINV]",[]
823,4818,NULL,628-03,Expense,"[CADJ, CLH, IV, JOV, OUPA, RDCS, XOIP, XOIR]",[]
824,4818,NULL,704-03,Revenue,"[ICR, INV, XICR, XINV]",[]
825,4819,NULL,628-03,Expense,"[CADJ, CLH, IV, JOV, OUPA, RDCS, XOIP, XOIR]",[]
826,4819,NULL,704-03,Revenue,"[ICR, INV, XICR, XINV]",[]
827,4820,NULL,921-01,Expense,[ES],[]
828,4826,NULL,628-03,Expense,"[CADJ, CLH, IV, JOV, OUPA, RDCS, XOIP, XOIR]",[]
829,4826,NULL,704-03,Revenue,"[ICR, INV, XICR, XINV]",[]
830,4828,NULL,628-03,Expense,"[CADJ, CLH, IV, JOV, OUPA, RDCS, XOIP, XOIR]",[]
831,4828,NULL,704-03,Revenue,"[ICR, INV, XICR, XINV]",[]
832,4829,NULL,628-03,Expense,"[CADJ, CLH, IV, JOV, OUPA, RDCS, XOIP, XOIR]",[]
833,4829,NULL,704-03,Revenue,"[ICR, INV, XICR, XINV]",[]
834,4830,NULL,628-03,Expense,"[CADJ, CLH, IV, JOE, JOV, OUPA, RCR, RDCS, RIN, RRD, XOIP, XOIR, XRCR, XRIN, YEND]",[]
835,4830,NULL,921-01,Expense,[ES],[]
836,4831,NULL,628-03,Expense,"[CADJ, CLH, IV, JOV, OUPA, RCR, RDCS, RIN, XOIP, XOIR, XRCR, XRIN]",[]
837,4831,NULL,921-01,Expense,[ES],[]
838,4832,NULL,628-03,Expense,"[JOE, RCR, RIN, RRD, XRCR, XRIN, YEND]",[]
839,4832,NULL,921-01,Expense,[ES],[]
840,4835,NULL,628-03,Expense,"[JOE, RCR, RIN, RRD, XRCR, XRIN, YEND]",[]
841,4835,NULL,921-01,Expense,[ES],[]
842,4836,NULL,628-03,Expense,"[B2BT, CADJ, CLH, IV, JOE, JOV, OUPA, PMT, RCR, RDCS, RIN, RRD, XOIP, XOIR, XPMT, XRCR, XRIN, YEND]",[]
843,4838,NULL,628-03,Expense,"[B2BT, CADJ, CLH, IV, JOE, JOV, OUPA, PMT, RCR, RDCS, RIN, RRD, XOIP, XOIR, XPMT, XRCR, XRIN, YEND]",[]
844,4839,NULL,628-03,Expense,"[B2BT, CADJ, CLH, IV, JOE, JOV, OUPA, PMT, RCR, RDCS, RIN, RRD, XOIP, XOIR, XPMT, XRCR, XRIN, YEND]",[]
845,4840,NULL,628-03,Expense,"[CADJ, CLH, IV, JOV, OUPA, RDCS, XOIP, XOIR]",[]
846,4840,NULL,921-01,Expense,[ES],[]
847,4845,NULL,628-03,Expense,"[JOE, RCR, RIN, RRD, XRCR, XRIN, YEND]",[]
848,4845,NULL,921-01,Expense,[ES],[]
849,4846,NULL,921-01,Expense,[ES],[]
850,4847,NULL,921-01,Expense,[ES],[]
851,4855,NULL,921-01,Expense,[ES],[]
852,4856,NULL,921-01,Expense,[ES],[]
853,4862,NULL,628-520,Expense,"[CADJ, CLH, IV, JOV, OUPA, RDCS, XOIP, XOIR]",[]
854,4862,NULL,704-520,Revenue,"[ICR, INV, XICR, XINV]",[]
855,4866,NULL,628-520,Expense,"[CADJ, CLH, IV, JOV, OUPA, RDCS, XOIP, XOIR]",[]
856,4866,NULL,704-520,Revenue,"[ICR, INV, XICR, XINV]",[]
857,4872,NULL,628-520,Expense,"[CADJ, CLH, IV, JOV, OUPA, RDCS, XOIP, XOIR]",[]
858,4872,NULL,704-520,Revenue,"[ICR, INV, XICR, XINV]",[]
859,4876,NULL,628-520,Expense,"[CADJ, CLH, IV, JOV, OUPA, RDCS, XOIP, XOIR]",[]
860,4876,NULL,704-520,Revenue,"[ICR, INV, XICR, XINV]",[]
861,4882,NULL,628-520,Expense,"[JOE, RCR, RIN, RRD, XRCR, XRIN, YEND]",[]
862,4883,NULL,628-160,Expense,"[CADJ, CLH, IV, JOE, JOV, OUPA, RCR, RDCS, RIN, RRD, XOIP, XOIR, XRCR, XRIN, YEND]",[]
863,4883,NULL,704-10,Revenue,"[ICR, INV, XICR, XINV]",[]
864,4884,NULL,628-160,Expense,"[CADJ, CLH, IV, JOE, JOV, OUPA, RCR, RDCS, RIN, RRD, XOIP, XOIR, XRCR, XRIN, YEND]",[]
865,4884,NULL,704-10,Revenue,"[ICR, INV, XICR, XINV]",[]
866,4885,NULL,628-160,Expense,"[CADJ, CLH, IV, JOE, JOV, OUPA, RCR, RDCS, RIN, RRD, XOIP, XOIR, XRCR, XRIN, YEND]",[]
867,4886,NULL,628-520,Expense,"[RCR, RIN, XRCR, XRIN]",[]
868,4889,NULL,628-520,Expense,"[CADJ, CLH, IV, JOV, OUPA, RDCS, XOIP, XOIR]",[]
869,4889,NULL,704-520,Revenue,"[ICR, INV, XICR, XINV]",[]
870,4901,NULL,628-520,Expense,"[CADJ, CLH, IV, JOV, OUPA, RDCS, XOIP, XOIR]",[]
871,4901,NULL,704-520,Revenue,"[ICR, INV, XICR, XINV]",[]
872,4902,NULL,628-520,Expense,"[CADJ, CLH, IV, JOV, OUPA, RDCS, XOIP, XOIR]",[]
873,4902,NULL,704-520,Revenue,"[ICR, INV, XICR, XINV]",[]
874,4903,NULL,628-520,Expense,"[CADJ, CLH, IV, JOV, OUPA, RDCS, XOIP, XOIR]",[]
875,4903,NULL,704-520,Revenue,"[ICR, INV, XICR, XINV]",[]
876,4904,NULL,628-520,Expense,"[CADJ, CLH, IV, JOV, OUPA, RDCS, XOIP, XOIR]",[]
877,4904,NULL,704-520,Revenue,"[ICR, INV, XICR, XINV]",[]
878,4905,NULL,628-520,Expense,"[CADJ, CLH, IV, JOV, OUPA, RDCS, XOIP, XOIR]",[]
879,4905,NULL,704-520,Revenue,"[ICR, INV, XICR, XINV]",[]
880,4906,NULL,628-520,Expense,"[CADJ, CLH, IV, JOV, OUPA, RDCS, XOIP, XOIR]",[]
881,4906,NULL,704-520,Revenue,"[ICR, INV, XICR, XINV]",[]
882,4907,NULL,628-520,Expense,"[CADJ, CLH, IV, JOV, OUPA, RDCS, XOIP, XOIR]",[]
883,4907,NULL,704-520,Revenue,"[ICR, INV, XICR, XINV]",[]
884,4908,NULL,704-520,Revenue,"[CADJ, CLH, ICR, INV, IV, JOE, JOV, OUPA, RDCS, RRD, XICR, XINV, XOIP, XOIR, YEND]",[]
885,4909,NULL,628-520,Expense,"[CADJ, CLH, IV, JOV, OUPA, RDCS, XOIP, XOIR]",[]
886,4909,NULL,704-520,Revenue,"[ICR, INV, XICR, XINV]",[]
887,4910,NULL,921-02,Expense,[ES],[]
888,4915,NULL,628-05,Expense,"[CADJ, CLH, IV, JOE, JOV, OUPA, RCR, RDCS, RIN, RRD, XOIP, XOIR, XRCR, XRIN, YEND]",[]
889,4920,NULL,921-02,Expense,[ES],[]
890,4930,NULL,628-05,Expense,"[CADJ, CLH, IV, JOV, OUPA, RCR, RDCS, RIN, XOIP, XOIR, XRCR, XRIN]",[]
891,4930,NULL,921-02,Expense,"[ES, JOE, RRD, YEND]",[]
892,4931,NULL,628-05,Expense,"[RCR, RIN, XRCR, XRIN]",[]
893,4931,NULL,921-02,Expense,[ES],[]
894,4935,NULL,628-05,Expense,"[JOE, RCR, RIN, RRD, XRCR, XRIN, YEND]",[]
895,4935,NULL,704-00,Revenue,[],[]
896,4935,NULL,921-02,Expense,[ES],[]
897,4940,NULL,628-05,Expense,"[CADJ, CLH, IV, JOV, OUPA, RDCS, XOIP, XOIR]",[]
898,4940,NULL,921-02,Expense,[ES],[]
899,4945,NULL,628-05,Expense,"[CADJ, CLH, IV, JOE, JOV, OUPA, RCR, RDCS, RIN, RRD, XOIP, XOIR, XRCR, XRIN, YEND]",[]
900,4945,NULL,921-02,Expense,[ES],[]
901,4946,NULL,921-02,Expense,[ES],[]
902,4947,NULL,921-02,Expense,[ES],[]
903,4948,NULL,628-51,Expense,"[JOE, RCR, RIN, RRD, XRCR, XRIN, YEND]",[]
904,4949,NULL,628-51,Expense,"[JOE, RCR, RIN, RRD, XRCR, XRIN, YEND]",[]
905,4950,NULL,628-51,Expense,"[JOE, RCR, RIN, RRD, XRCR, XRIN, YEND]",[]
906,4950,NULL,70480,Revenue,"[ICR, INV, XICR, XINV]",[]
907,4955,NULL,921-02,Expense,[ES],[]
908,4956,NULL,921-02,Expense,[ES],[]
909,499810,NULL,921-03,Expense,"[JOE, RRD, YEND]",[]
910,499815,NULL,921-03,Expense,"[JOE, RRD, YEND]",[]
911,499820,NULL,921-03,Expense,"[JOE, RRD, YEND]",[]
912,499825,NULL,921-03,Expense,"[JOE, RRD, YEND]",[]
913,499840,NULL,921-03,Expense,"[JOE, RRD, YEND]",[]
914,499843,NULL,921-03,Expense,"[JOE, RRD, YEND]",[]
915,499910,NULL,704-70E,Revenue,"[JOE, RRD, YEND]",[]
916,499915,NULL,704-70E,Revenue,"[JOE, RRD, YEND]",[]
917,499920,NULL,704-70E,Revenue,"[JOE, RRD, YEND]",[]
918,499925,NULL,704-70E,Revenue,"[JOE, RRD, YEND]",[]
919,499930,NULL,704-70E,Revenue,"[JOE, RRD, YEND]",[]
920,499935,NULL,704-70E,Revenue,"[JOE, RRD, YEND]",[]
921,499940,NULL,704-70E,Revenue,"[JOE, RRD, YEND]",[]
922,499943,NULL,704-70E,Revenue,"[JOE, RRD, YEND]",[]
923,499946,NULL,704-70E,Revenue,"[JOE, RRD, YEND]",[]
924,499950,NULL,704-70E,Revenue,"[JOE, RRD, YEND]",[]
925,509810,NULL,921-03,Expense,"[JOE, RRD, YEND]",[]
926,509830,NULL,921-03,Expense,"[JOE, RRD, YEND]",[]
927,509910,NULL,712,Revenue,"[JOE, RRD, YEND]",[]
928,509920,NULL,712,Revenue,"[JOE, RRD, YEND]",[]
929,509930,NULL,712,Revenue,"[JOE, RRD, YEND]",[]
930,5100,NULL,641,Expense,"[B2BT, JOE, PMT, RCR, RIN, RRD, XRCR, XRIN, YEND]",[]
931,5101,NULL,641,Expense,"[JOE, RRD, YEND]",[]
932,5110,NULL,641,Expense,"[JOE, RRD, YEND]",[]
933,5115,NULL,641,Expense,"[JOE, RRD, YEND]",[]
934,5116,NULL,641,Expense,"[JOE, RRD, YEND]",[]
935,5120,NULL,641,Expense,"[JOE, RRD, YEND]",[]
936,5121,NULL,641,Expense,"[JOE, RRD, YEND]",[]
937,5125,NULL,641,Expense,"[JOE, RRD, YEND]",[]
938,5126,NULL,641,Expense,"[JOE, RRD, YEND]",[]
939,5130,NULL,641,Expense,"[JOE, RRD, YEND]",[]
940,5131,NULL,641,Expense,"[JOE, RRD, YEND]",[]
941,5135,NULL,641,Expense,"[JOE, RRD, YEND]",[]
942,5136,NULL,641,Expense,"[JOE, RRD, YEND]",[]
943,5140,NULL,641,Expense,"[JOE, RRD, YEND]",[]
944,5141,NULL,641,Expense,"[JOE, RRD, YEND]",[]
945,5145,NULL,641,Expense,"[JOE, RRD, YEND]",[]
946,5146,NULL,641,Expense,"[JOE, RRD, YEND]",[]
947,5148,NULL,641,Expense,"[JOE, RRD, YEND]",[]
948,5150,NULL,641,Expense,"[JOE, RRD, YEND]",[]
949,5151,NULL,641,Expense,"[JOE, RRD, YEND]",[]
950,5160,NULL,641,Expense,"[JOE, RRD, YEND]",[]
951,5161,NULL,641,Expense,"[JOE, RRD, YEND]",[]
952,5170,NULL,641,Expense,"[JOE, RRD, YEND]",[]
953,5171,NULL,641,Expense,"[JOE, RRD, YEND]",[]
954,5180,NULL,641,Expense,"[JOE, RRD, YEND]",[]
955,5190,NULL,641,Expense,"[JOE, RRD, YEND]",[]
956,5191,NULL,641,Expense,"[JOE, RRD, YEND]",[]
957,5200,NULL,642,Expense,"[CADJ, CLH, IV, JOE, JOV, OUPA, RCR, RDCS, RIN, RRD, XOIP, XOIR, XRCR, XRIN, YEND]",[]
958,5300,NULL,628-100,Expense,"[JOE, RRD, YEND]",[]
959,5302,NULL,641,Expense,"[JOE, RRD, YEND]",[]
960,5303,NULL,641,Expense,"[JOE, RRD, YEND]",[]
961,5304,NULL,641,Expense,"[JOE, RRD, YEND]",[]
962,5305,NULL,641,Expense,"[JOE, RRD, YEND]",[]
963,531210,NULL,628-03,Expense,"[CADJ, CLH, IV, JOE, JOV, OUPA, RCR, RDCS, RIN, RRD, XOIP, XOIR, XRCR, XRIN, YEND]",[]
964,5322,NULL,628-20,Expense,"[JOE, RCR, RIN, RRD, XRCR, XRIN, YEND]",[]
965,535260,NULL,381,Asset,"[CADJ, CLH, IV, JOV, OUPA, RCR, RDCS, RIN, XOIP, XOIR, XRCR, XRIN]",[]
966,5397,NULL,628-100,Expense,"[CADJ, CLH, IV, JOE, JOV, OUPA, RCR, RDCS, RIN, RRD, XOIP, XOIR, XRCR, XRIN, YEND]",[]
967,5398,NULL,628-100,Expense,"[CADJ, CLH, IV, JOE, JOV, OUPA, RCR, RDCS, RIN, RRD, XOIP, XOIR, XRCR, XRIN, YEND]",[]
968,5400,NULL,6451,Expense,"[CADJ, CLH, IV, JOE, JOV, OUPA, RCR, RDCS, RIN, RRD, XOIP, XOIR, XRCR, XRIN, YEND]",[]
969,5402,NULL,628-20,Expense,"[RIN, XRCR]",[]
970,5403,NULL,628-20,Expense,"[JOE, RIN, RRD, XRCR, YEND]",[]
971,599710,NULL,628-05,Expense,"[CADJ, CLH, IV, JOV, OUPA, RDCS, XOIP, XOIR]",[]
972,599715,NULL,628-01,Expense,"[CADJ, CLH, IV, JOV, OUPA, RDCS, XOIP, XOIR]",[]
973,599720,NULL,628-03,Expense,"[CADJ, CLH, IV, JOE, JOV, OUPA, RDCS, RRD, XOIP, XOIR, YEND]",[]
974,599725,NULL,628-02,Expense,"[CADJ, CLH, IV, JOV, OUPA, RDCS, XOIP, XOIR]",[]
975,599730,NULL,628-00,Expense,"[CADJ, CLH, IV, JOV, OUPA, RDCS, XOIP, XOIR]",[]
976,599735,NULL,628-15,Expense,"[CADJ, CLH, IV, JOV, OUPA, RDCS, XOIP, XOIR]",[]
977,599740,NULL,628-02,Expense,"[CADJ, CLH, IV, JOE, JOV, OUPA, RDCS, RRD, XOIP, XOIR, YEND]",[]
978,599743,NULL,628-00,Expense,"[CADJ, CLH, IV, JOV, OUPA, RDCS, XOIP, XOIR]",[]
979,599750,NULL,628-03,Expense,"[CADJ, CLH, IV, JOV, OUPA, RDCS, XOIP, XOIR]",[]
980,599810,NULL,921-03,Expense,"[JOE, RRD, YEND]",[]
981,599815,NULL,921-03,Expense,"[JOE, RRD, YEND]",[]
982,599820,NULL,921-03,Expense,"[JOE, RRD, YEND]",[]
983,599840,NULL,921-03,Expense,"[JOE, RRD, YEND]",[]
984,599910,NULL,712,Revenue,"[JOE, RRD, YEND]",[]
985,599915,NULL,712,Revenue,"[JOE, RRD, YEND]",[]
986,599920,NULL,712,Revenue,"[JOE, RRD, YEND]",[]
987,599925,NULL,712,Revenue,"[JOE, RRD, YEND]",[]
988,599930,NULL,712,Revenue,"[JOE, RRD, YEND]",[]
989,599935,NULL,712,Revenue,"[JOE, RRD, YEND]",[]
990,599940,NULL,712,Revenue,"[JOE, RRD, YEND]",[]
991,599943,NULL,712,Revenue,"[JOE, RRD, YEND]",[]
992,599946,NULL,712,Revenue,"[JOE, RRD, YEND]",[]
993,599950,NULL,712,Revenue,"[JOE, RRD, YEND]",[]
994,6100,NULL,626-00,Expense,"[CADJ, CLH, IV, JOE, JOV, OUPA, RCR, RDCS, RIN, RRD, XOIP, XOIR, XRCR, XRIN, YEND]",[]
995,6101,NULL,626-01,Expense,"[RCR, RIN, XRCR, XRIN]",[]
996,6103,NULL,626-02,Expense,"[CADJ, CLH, IV, JOE, JOV, OUPA, RCR, RDCS, RIN, RRD, XOIP, XOIR, XRCR, XRIN, YEND]",[]
997,6105,NULL,626-03,Expense,"[CADJ, CLH, IV, JOE, JOV, OUPA, RCR, RDCS, RIN, RRD, XOIP, XOIR, XRCR, XRIN, YEND]",[]
998,6107,NULL,626-04,Expense,"[B2BT, CADJ, CLH, IV, JOE, JOV, OUPA, PMT, RCR, RDCS, RIN, RRD, XOIP, XOIR, XRCR, XRIN, YEND]",[]
999,6109,NULL,626-05,Expense,"[JOE, RCR, RIN, RRD, XRCR, XRIN, YEND]",[]
1000,6110,NULL,704-03,Revenue,"[ICR, INV, XICR, XINV]",[]
1001,611060,NULL,612,Expense,"[CADJ, CLH, IV, JOE, JOV, OUPA, RDCS, RRD, XOIP, XOIR, YEND]",[]
1002,611620,NULL,6028,Expense,"[RCR, RIN, XRCR, XRIN]",[]
1003,6117,NULL,6028,Expense,"[RCR, RIN, XRCR, XRIN]",[]
1004,6201,NULL,625-01,Expense,"[B2BT, CADJ, CLH, IV, JOE, JOV, OUPA, PMT, RCR, RDCS, RIN, RRD, XOIP, XOIR, XRCR, XRIN, YEND]",[]
1005,6202,NULL,625-02,Expense,"[B2BT, CADJ, CLH, ICR, INV, IV, JOE, JOV, OUPA, PMT, RCR, RDCS, RIN, RRD, XICR, XINV, XOIP, XOIR, XRCR, XRIN, YEND]",[]
1006,6203,NULL,623-02,Expense,"[B2BT, CADJ, CLH, ICR, INV, IV, JOE, JOV, OUPA, PMT, RCR, RDCS, RIN, RRD, XICR, XINV, XOIP, XOIR, XRCR, XRIN, YEND]",[]
1007,6205,NULL,6022,Expense,"[B2BT, CADJ, CLH, IV, JOE, JOV, OUPA, PMT, RCR, RDCS, RIN, RRD, XOIP, XOIR, XPMT, XRCR, XRIN, YEND]",[]
1008,6206,NULL,6811-03,Expense,"[RCR, RIN, XRCR, XRIN]",[]
1009,6207,NULL,6131,Expense,"[CADJ, CLH, IV, JOE, JOV, OUPA, RCR, RDCS, RIN, RRD, XOIP, XOIR, XRCR, XRIN, YEND]",[]
1010,6216,NULL,628-20,Expense,"[RIN, XRCR]",[]
1011,6217,NULL,61201,Expense,"[JOE, RCR, RIN, RRD, XRCR, XRIN, YEND]",[]
1012,6227,NULL,623-02,Expense,"[B2BT, CADJ, CLH, ICR, INV, IV, JOE, JOV, OUPA, PMT, RCR, RDCS, RIN, RRD, XICR, XINV, XOIP, XOIR, XRCR, XRIN, YEND]",[]
1013,6301,NULL,604,Expense,"[B2BT, INV, PMT, RCR, RIN, XINV, XRCR, XRIN]",[]
1014,6301,NULL,623-02,Expense,"[CADJ, CLH, IV, JOE, JOV, OUPA, RDCS, RRD, XOIP, XOIR, YEND]",[]
1015,6303,NULL,611-01,Expense,"[JOE, RCR, RIN, RRD, XRCR, XRIN, YEND]",[]
1016,6305,NULL,604,Expense,"[CADJ, CLH, IV, JOE, JOV, OUPA, RCR, RDCS, RIN, RRD, XOIP, XOIR, XRCR, XRIN, YEND]",[]
1017,6307,NULL,62827,Expense,"[B2BT, CADJ, CLH, IV, JOE, JOV, OUPA, PMT, RCR, RDCS, RIN, RRD, XOIP, XOIR, XRCR, XRIN, YEND]",[]
1018,6307,NULL,7588,Revenue,"[INV, XINV]",[]
1019,6309,NULL,303,Asset,"[CADJ, CLH, IV, JOV, OUPA, RCR, RDCS, RIN, XOIP, XOIR, XRCR, XRIN]",[]
1020,6309,NULL,611-01,Expense,[],[]
1021,6552,NULL,604,Expense,"[B2BT, CADJ, CLH, IV, JOE, JOV, OUPA, PMT, RCR, RDCS, RIN, RRD, XOIP, XOIR, XRCR, XRIN, YEND]",[]
1022,6553,NULL,628-21,Expense,"[CADJ, CLH, IV, JOE, JOV, OUPA, RCR, RDCS, RIN, RRD, XOIP, XOIR, XRCR, XRIN, YEND]",[]
1023,6554,NULL,628-21,Expense,"[CADJ, CLH, IV, JOE, JOV, OUPA, RCR, RDCS, RIN, RRD, XOIP, XOIR, XRCR, XRIN, YEND]",[]
1024,6601,NULL,471,Asset,"[RCR, RIN, XRCR, XRIN]",[]
1025,6601,NULL,612,Expense,"[B2BT, CADJ, CLH, IV, JOE, JOV, OUPA, PMT, RDCS, RRD, XOIP, XOIR, YEND]",[]
1026,6602,NULL,6811-03,Expense,"[RCR, RIN, XRCR, XRIN]",[]
1027,6605,NULL,605,Expense,"[B2BT, CADJ, CLH, INV, IV, JOE, JOV, OUPA, PMT, RCR, RDCS, RIN, RRD, XINV, XOIP, XOIR, XRCR, XRIN, YEND]",[]
1028,6606,NULL,62828,Expense,"[CADJ, CLH, IV, JOE, JOV, OUPA, RCR, RDCS, RIN, RRD, XOIP, XOIR, XRCR, XRIN, YEND]",[]
1029,6607,NULL,611-02,Expense,"[CADJ, CLH, IV, JOV, OUPA, RCR, RDCS, RIN, XOIP, XOIR, XRCR, XRIN]",[]
1030,6610,NULL,471,Asset,[],[]
1031,6610,NULL,605,Expense,[],[]
1032,6610,NULL,612,Expense,"[JOE, RCR, RIN, RRD, XRCR, XRIN, YEND]",[]
1033,6610,NULL,62829,Expense,[],[]
1034,6613,NULL,628-24,Expense,"[CADJ, CLH, IV, JOE, JOV, OUPA, RCR, RDCS, RIN, RRD, XOIP, XOIR, XRCR, XRIN, YEND]",[]
1035,6709,NULL,6028,Expense,"[RCR, RIN, XRCR, XRIN]",[]
1036,6800,NULL,628-01,Expense,"[CADJ, CLH, IV, JOE, JOV, OUPA, RCR, RDCS, RIN, RRD, XOIP, XOIR, XRCR, XRIN, YEND]",[]
1037,6801,NULL,623-01,Expense,"[B2BT, CADJ, CLH, IV, JOE, JOV, OUPA, PMT, RCR, RDCS, RIN, RRD, XOIP, XOIR, XRCR, XRIN, YEND]",[]
1038,6802,NULL,628-102,Expense,"[B2BT, CADJ, CLH, DEP, IV, JOE, JOV, OUPA, PMT, RCR, RDCS, RIN, RRD, XOIP, XOIR, XRCR, XRIN, YEND]",[]
1039,6803,NULL,621-02,Expense,"[B2BT, CADJ, CLH, IV, JOE, JOV, OUPA, PMT, RCR, RDCS, RIN, RRD, XOIP, XOIR, XRCR, XRIN, YEND]",[]
1040,6803,NULL,7581,Revenue,[DEP],[]
1041,6804,NULL,628-23,Expense,"[CADJ, CLH, IV, JOE, JOV, OUPA, RCR, RDCS, RIN, RRD, XOIP, XOIR, XRCR, XRIN, YEND]",[]
1042,6805,NULL,622,Expense,"[B2BT, CADJ, CLH, IV, JOE, JOV, OUPA, PMT, RCR, RDCS, RIN, RRD, XOIP, XOIR, XRCR, XRIN, YEND]",[]
1043,6807,NULL,6131,Expense,"[B2BT, CADJ, CLH, IV, JOE, JOV, OUPA, PMT, RCR, RDCS, RIN, RRD, XOIP, XOIR, XPMT, XRCR, XRIN, YEND]",[]
1044,6809,NULL,627,Expense,"[B2BT, CADJ, CLH, DEP, IV, JOE, JOV, OUPA, PMT, RCR, RDCS, RIN, RRD, XOIP, XOIR, XPMT, XRCR, XRIN, YEND]",[]
1045,6811,NULL,628,Expense,"[CADJ, CLH, INV, IV, JOE, JOV, OUPA, RCR, RDCS, RIN, RRD, XINV, XOIP, XOIR, XRCR, XRIN, YEND]",[]
1046,6812,NULL,62830,Expense,"[JOE, RCR, RIN, RRD, XRCR, XRIN, YEND]",[]
1047,6813,NULL,628-13,Expense,"[B2BT, CADJ, CLH, IV, JOE, JOV, OUPA, PMT, RCR, RDCS, RIN, RRD, XOIP, XOIR, XRCR, XRIN, YEND]",[]
1048,6814,NULL,628-13,Expense,"[CADJ, CLH, IV, JOV, OUPA, RCR, RDCS, RIN, XOIP, XOIR, XRCR, XRIN]",[]
1049,6815,NULL,628-22,Expense,"[B2BT, CADJ, CLH, IV, JOE, JOV, OUPA, PMT, RCR, RDCS, RIN, RRD, XOIP, XOIR, XPMT, XRCR, XRIN, YEND]",[]
1050,6816,NULL,621-01,Expense,"[JOE, RCR, RIN, RRD, XRCR, XRIN, YEND]",[]
1051,6817,NULL,628-26,Expense,"[RCR, RIN, XRCR, XRIN]",[]
1052,6820,NULL,6458,Expense,"[CADJ, CLH, IV, JOE, JOV, OUPA, RCR, RDCS, RIN, RRD, XOIP, XOIR, XRCR, XRIN, YEND]",[]
1053,6821,NULL,6581,Expense,"[B2BT, JOE, PMT, RCR, RIN, RRD, XRCR, XRIN, YEND]",[]
1054,6821,NULL,6812-01,Expense,[],[]
1055,6823,NULL,628-05,Expense,"[RCR, RIN, XRCR, XRIN]",[]
1056,6823,NULL,704-20,Revenue,"[ICR, INV, XICR, XINV]",[]
1057,6830,NULL,6581,Expense,"[CADJ, CLH, IV, JOE, JOV, OUPA, RCR, RDCS, RIN, RRD, XOIP, XOIR, XRCR, XRIN, YEND]",[]
1058,6830,NULL,7581,Revenue,"[DEP, ICR, INV, XICR, XINV]",[]
1059,6837,NULL,628-20,Expense,"[JOE, RCR, RIN, RRD, XRCR, XRIN, YEND]",[]
1060,6837,NULL,704-20,Revenue,"[ICR, INV, XICR, XINV]",[]
1061,6845,NULL,628-100,Expense,"[CADJ, CLH, IV, JOE, JOV, OUPA, RCR, RDCS, RIN, RRD, XOIP, XOIR, XRCR, XRIN, YEND]",[]
1062,6855,NULL,628-01,Expense,"[CADJ, CLH, IV, JOE, JOV, OUPA, RCR, RDCS, RIN, RRD, XOIP, XOIR, XRCR, XRIN, YEND]",[]
1063,6860,NULL,628-03,Expense,"[CADJ, CLH, IV, JOE, JOV, OUPA, RCR, RDCS, RIN, RRD, XOIP, XOIR, XRCR, XRIN, YEND]",[]
1064,6865,NULL,628-01,Expense,"[CADJ, CLH, IV, JOE, JOV, OUPA, RCR, RDCS, RIN, RRD, XOIP, XOIR, XRCR, XRIN, YEND]",[]
1065,6870,NULL,628-03,Expense,"[CADJ, CLH, IV, JOE, JOV, OUPA, RCR, RDCS, RIN, RRD, XOIP, XOIR, XRCR, XRIN, YEND]",[]
1066,6877,NULL,6812-01,Expense,"[JOE, RRD, YEND]",[]
1067,6878,NULL,1511-01,Liability,"[JOE, RRD, YEND]",[]
1068,6887,NULL,628-100,Expense,"[CADJ, CLH, IV, JOE, JOV, OUPA, RCR, RDCS, RIN, RRD, XOIP, XOIR, XRCR, XRIN, YEND]",[]
1069,6890,NULL,628-200,Expense,"[CADJ, CLH, IV, JOE, JOV, OUPA, RCR, RDCS, RIN, RRD, XOIP, XOIR, XRCR, XRIN, YEND]",[]
1070,6892,NULL,628-51,Expense,"[JOE, RCR, RIN, RRD, XRCR, XRIN, YEND]",[]
1071,6893,NULL,628-100,Expense,"[CADJ, CLH, IV, JOE, JOV, OUPA, RCR, RDCS, RIN, RRD, XOIP, XOIR, XRCR, XRIN, YEND]",[]
1072,6893,NULL,704-20,Revenue,"[ICR, INV, XICR, XINV]",[]
1073,6895,NULL,628-03,Expense,"[JOE, RCR, RIN, RRD, XRCR, XRIN, YEND]",[]
1074,6896,NULL,704-20,Revenue,"[B2BT, CADJ, CLH, DEP, ES, ICR, INV, IV, JOE, JOV, OUPA, PMT, PRO, RCR, RDCS, RIN, RRD, XICR, XINV, XOIP, XOIR, XPMT, XRCR, XRIN, YEND]","[RIN/XRCR, RCR/XRIN, INV/XINV, ICR/XICR]"
1075,6897,NULL,628-100,Expense,"[CADJ, CLH, IV, JOE, JOV, OUPA, RCR, RDCS, RIN, RRD, XOIP, XOIR, XRCR, XRIN, YEND]",[]
1076,6898,NULL,628-100,Expense,"[CADJ, CLH, IV, JOE, JOV, OUPA, RCR, RDCS, RIN, RRD, XOIP, XOIR, XRCR, XRIN, YEND]",[]
1077,6901,NULL,654,Expense,"[CADJ, CLH, IV, JOV, OUPA, RDCS, XOIP, XOIR]",[]
1078,7001,NULL,6581,Expense,"[CADJ, CLH, IV, JOV, OUPA, RCR, RDCS, RIN, XOIP, XOIR, XRCR, XRIN]",[]
1079,7001,NULL,666,Expense,"[JOE, RRD, YEND]",[]
1080,7004,NULL,666-01,Expense,"[B2BT, CADJ, CLH, DEP, ES, ICR, INV, IS, IV, JOE, JOV, OUPA, PMT, RCR, RDCS, RIN, RRD, XICR, XINV, XOIP, XOIR, XPMT, XRCR, XRIN, YEND]","[RIN/XRCR, RCR/XRIN, INV/XINV, ICR/XICR]"
1081,7202,NULL,635,Expense,"[B2BT, PMT]",[]
1082,7401,NULL,628,Expense,"[RCR, RIN, XRCR, XRIN]",[]
1083,7402,NULL,6581,Expense,"[B2BT, CADJ, CLH, INV, IV, JOE, JOV, OUPA, PMT, RCR, RDCS, RIN, RRD, XINV, XOIP, XOIR, XPMT, XRCR, XRIN, YEND]",[]
1084,7403,NULL,61201,Expense,"[B2BT, CADJ, CLH, INV, IV, JOE, JOV, OUPA, PMT, RCR, RDCS, RIN, RRD, XINV, XOIP, XOIR, XPMT, XRCR, XRIN, YEND]",[]
1085,7550,222.0,691,Expense,"[CADJ, CLH, IV, JOE, JOV, OUPA, RDCS, RRD, XOIP, XOIR, YEND]",[]
1086,7562,NULL,635-001,Expense,"[B2BT, CADJ, CLH, DEP, IV, JOE, JOV, OUPA, PMT, RDCS, RRD, XOIP, XOIR, YEND]",[]
1087,7562,222.0,635-001,Expense,"[B2BT, CADJ, CLH, DEP, IV, JOE, JOV, OUPA, PMT, RDCS, RRD, XOIP, XOIR, YEND]",[]
1088,7616,NULL,635-001,Expense,"[B2BT, CADJ, CLH, DEP, IV, JOE, JOV, OUPA, PMT, RDCS, RRD, XOIP, XOIR, YEND]",[]
1089,7622,NULL,635-001,Expense,"[B2BT, CADJ, CLH, DEP, IV, JOE, JOV, OUPA, PMT, RDCS, RRD, XOIP, XOIR, YEND]",[]
1090,7623,222.0,635-001,Expense,"[B2BT, CADJ, CLH, DEP, IV, JOE, JOV, OUPA, PMT, RDCS, RRD, XOIP, XOIR, YEND]",[]
1091,780010,NULL,7588,Revenue,"[CADJ, CLH, IV, JOV, OUPA, RDCS, XOIP, XOIR]",[]
1092,780015,NULL,628-07,Expense,"[CADJ, CLH, IV, JOV, OUPA, RDCS, XOIP, XOIR]",[]
1093,780020,NULL,628-03,Expense,"[CADJ, CLH, IV, JOV, OUPA, RDCS, XOIP, XOIR]",[]
1094,780030,NULL,628-11,Expense,"[CADJ, CLH, IV, JOV, OUPA, RDCS, XOIP, XOIR]",[]
1095,780035,NULL,7588,Revenue,"[CADJ, CLH, IV, JOV, OUPA, RDCS, XOIP, XOIR]",[]
